#Replicon Name	Replicon Accession	Start	Stop	Strand	GeneID	Locus	Locus tag	Protein product	Length	Protein name
chr	NC_015408.1	143	1129	-	29641175	-	G5S_RS00005	WP_013712118.1	328	malate dehydrogenase
chr	NC_015408.1	1359	1634	-	29641105	-	G5S_RS00010	WP_041466985.1	91	hypothetical protein
chr	NC_015408.1	1958	3535	-	29641163	-	G5S_RS00020	WP_013712119.1	525	glucose-6-phosphate isomerase
chr	NC_015408.1	3622	4521	+	29640451	-	G5S_RS00025	WP_021757909.1	299	site-specific tyrosine recombinase XerD
chr	NC_015408.1	4518	4814	-	29640486	-	G5S_RS00030	WP_013712121.1	98	hypothetical protein
chr	NC_015408.1	5172	6614	+	29640498	-	G5S_RS00040	WP_013712123.1	480	hypothetical protein
chr	NC_015408.1	6614	7138	+	29641054	-	G5S_RS00045	WP_021756804.1	174	CesD/SycD/LcrH family type III secretion system chaperone
chr	NC_015408.1	7154	8689	+	29640216	-	G5S_RS00050	WP_013712125.1	511	hypothetical protein
chr	NC_015408.1	8714	10210	+	29640838	-	G5S_RS00055	WP_013712126.1	498	hypothetical protein
chr	NC_015408.1	10221	10949	-	29640745	-	G5S_RS00060	WP_035408506.1	242	methyltransferase domain-containing protein
chr	NC_015408.1	10912	11841	-	29640829	-	G5S_RS00065	WP_013712128.1	309	4-hydroxy-3-methylbut-2-enyl diphosphate reductase
chr	NC_015408.1	11925	13721	-	29640724	-	G5S_RS00070	WP_013712129.1	598	protease-like activity factor CPAF
chr	NC_015408.1	13806	15071	-	29640841	-	G5S_RS00075	WP_013712130.1	421	sodium:proton antiporter
chr	NC_015408.1	15288	16997	+	29640447	-	G5S_RS00080	WP_013712131.1	569	solute carrier 26 family protein
chr	NC_015408.1	16994	18376	-	29640803	-	G5S_RS00085	WP_013712132.1	460	class II fumarate hydratase
chr	NC_015408.1	18430	20205	+	29640740	-	G5S_RS00090	WP_013712133.1	591	ABC transporter permease/substrate-binding protein
chr	NC_015408.1	20169	20819	-	29641014	-	G5S_RS00095	WP_013712134.1	216	nucleoside monophosphate kinase
chr	NC_015408.1	20911	21516	+	29641157	-	G5S_RS00100	WP_013712135.1	201	MarC family protein
chr	NC_015408.1	21531	22151	+	29640308	-	G5S_RS00105	WP_013712136.1	206	MarC family protein
chr	NC_015408.1	22151	23026	+	29640961	-	G5S_RS00110	WP_013712137.1	291	methionyl aminopeptidase
chr	NC_015408.1	22983	24215	-	29640409	-	G5S_RS00115	WP_013712138.1	410	hypothetical protein
chr	NC_015408.1	24242	24427	-	29640499	-	G5S_RS00120	WP_035408774.1	61	hypothetical protein
chr	NC_015408.1	24646	25116	+	29640214	-	G5S_RS00125	WP_013712140.1	156	DUF720 domain-containing protein
chr	NC_015408.1	25133	25654	+	29641173	-	G5S_RS00130	WP_013712141.1	173	DUF720 domain-containing protein
chr	NC_015408.1	25670	26173	+	29641048	-	G5S_RS00135	WP_013712143.1	167	DUF720 domain-containing protein
chr	NC_015408.1	26254	26961	+	29640224	-	G5S_RS00140	WP_013712144.1	235	hypothetical protein
chr	NC_015408.1	26958	27185	-	29640787	-	G5S_RS00145	WP_013712145.1	75	hypothetical protein
chr	NC_015408.1	27175	27645	-	29640279	-	G5S_RS00150	WP_013712146.1	156	nucleoside deaminase
chr	NC_015408.1	27878	28147	+	29640335	-	G5S_RS00155	WP_013712147.1	89	MULTISPECIES: 30S ribosomal protein S15
chr	NC_015408.1	28190	30271	+	29640334	-	G5S_RS00160	WP_013712148.1	693	polyribonucleotide nucleotidyltransferase
chr	NC_015408.1	30329	33076	-	29640296	-	G5S_RS00165	WP_041466986.1	915	ATP-dependent zinc metalloprotease FtsH
chr	NC_015408.1	33265	34221	-	29640531	-	G5S_RS00170	WP_013712150.1	318	tRNA lysidine(34) synthetase TilS
chr	NC_015408.1	34337	35410	+	29640493	-	G5S_RS00175	WP_013712151.1	357	LptF/LptG family permease
chr	NC_015408.1	35410	36513	+	29640890	-	G5S_RS00180	WP_041466987.1	367	LptF/LptG family permease
chr	NC_015408.1	36482	38509	-	29640297	-	G5S_RS00185	WP_013712153.1	675	hypothetical protein
chr	NC_015408.1	38856	39881	-	29641073	-	G5S_RS00195	WP_013712154.1	341	phenylalanine--tRNA ligase subunit alpha
chr	NC_015408.1	39900	40268	-	29640880	-	G5S_RS00200	WP_013712155.1	122	MULTISPECIES: 50S ribosomal protein L20
chr	NC_015408.1	40287	40481	-	29641177	-	G5S_RS00205	WP_013712156.1	64	MULTISPECIES: 50S ribosomal protein L35
chr	NC_015408.1	40495	41022	-	29640305	-	G5S_RS00210	WP_013712157.1	175	translation initiation factor IF-3
chr	NC_015408.1	41386	41895	+	29640332	-	G5S_RS00215	WP_041466988.1	169	transcription antitermination factor NusB
chr	NC_015408.1	41914	42837	+	29641147	-	G5S_RS00220	WP_013712161.1	307	UDP-N-acetylmuramate dehydrogenase
chr	NC_015408.1	42803	43384	-	29640704	-	G5S_RS00225	WP_013712162.1	193	methyltransferase domain-containing protein
chr	NC_015408.1	43502	44176	-	31508289	-	G5S_RS04945	WP_060577804.1	224	tRNA (guanosine(46)-N7)-methyltransferase TrmB
chr	NC_015408.1	44308	45348	-	29640907	-	G5S_RS00235	WP_013712163.1	346	ribonucleotide-diphosphate reductase subunit beta
chr	NC_015408.1	45368	48511	-	29641136	-	G5S_RS00240	WP_013712164.1	1047	ribonucleoside-diphosphate reductase subunit alpha
chr	NC_015408.1	48890	49696	+	29640238	-	G5S_RS00245	WP_041467052.1	268	phosphatidylcholine/phosphatidylserine synthase
chr	NC_015408.1	49693	50934	+	29640472	-	G5S_RS00250	WP_013712166.1	413	DNA recombination protein RmuC
chr	NC_015408.1	50938	53859	-	29640209	-	G5S_RS00255	WP_013712167.1	973	peptidase M16
chr	NC_015408.1	54005	55363	+	29640227	-	G5S_RS00260	WP_013712168.1	452	M20/M25/M40 family metallo-hydrolase
chr	NC_015408.1	55393	56862	-	29640590	-	G5S_RS00265	WP_013712169.1	489	DegQ family serine endoprotease
chr	NC_015408.1	57036	57911	-	29640333	-	G5S_RS00270	WP_013712170.1	291	succinate--CoA ligase subunit alpha
chr	NC_015408.1	57919	59082	-	29640449	-	G5S_RS00275	WP_013712171.1	387	ADP-forming succinate--CoA ligase subunit beta
chr	NC_015408.1	59153	60013	+	29640686	-	G5S_RS00280	WP_013712173.1	286	signal recognition particle-docking protein FtsY
chr	NC_015408.1	60017	60733	-	29640815	-	G5S_RS00285	WP_013712174.1	238	hypothetical protein
chr	NC_015408.1	60793	61980	-	29640707	-	G5S_RS00290	WP_013712175.1	395	amino acid transporter
chr	NC_015408.1	62050	63882	-	29640918	-	G5S_RS00295	WP_013712176.1	610	glutamine--fructose-6-phosphate transaminase (isomerizing)
chr	NC_015408.1	63890	65266	-	29640575	-	G5S_RS00300	WP_013712177.1	458	phosphoglucosamine mutase
chr	NC_015408.1	65482	66768	+	29641075	-	G5S_RS00305	WP_041466989.1	428	polynucleotide adenylyltransferase PcnB
chr	NC_015408.1	66782	68620	+	29640824	-	G5S_RS00310	WP_041467054.1	612	lipid-A-disaccharide synthase
chr	NC_015408.1	68678	70171	+	29640773	-	G5S_RS00315	WP_013712180.1	497	DUF1548 domain-containing protein
chr	NC_015408.1	70215	71411	+	29640561	-	G5S_RS00320	WP_024010163.1	398	DUF1548 domain-containing protein
chr	NC_015408.1	71430	75644	-	29640604	-	G5S_RS00325	WP_049770592.1	1404	autotransporter domain-containing protein
chr	NC_015408.1	75756	76709	-	29640546	-	G5S_RS00330	WP_013712183.1	317	phosphate acyltransferase PlsX
chr	NC_015408.1	76724	76906	-	31508290	-	G5S_RS04950	WP_080556994.1	60	50S ribosomal protein L32
chr	NC_015408.1	76923	77384	-	29640352	-	G5S_RS00335	WP_013712184.1	153	hypothetical protein
chr	NC_015408.1	77687	79213	+	29641088	-	G5S_RS00340	WP_013712185.1	508	ribonuclease E/G
chr	NC_015408.1	79221	80216	+	29640930	-	G5S_RS00345	WP_013712186.1	331	glycerol-3-P acyltransferase
chr	NC_015408.1	80218	83046	+	29640765	-	G5S_RS00350	WP_041466990.1	942	insulinase family protein
chr	NC_015408.1	83039	84391	-	29640936	-	G5S_RS00355	WP_013712188.1	450	membrane protein
chr	NC_015408.1	84603	84809	+	29640887	-	G5S_RS00360	WP_013712190.1	68	hypothetical protein
chr	NC_015408.1	84819	85679	-	29640389	-	G5S_RS00365	WP_013712191.1	286	4-(cytidine 5\'-diphospho)-2-C-methyl-D-erythritol kinase
chr	NC_015408.1	85697	86206	-	29640845	-	G5S_RS00370	WP_013712192.1	169	50S ribosomal protein L9
chr	NC_015408.1	86229	86477	-	29640419	-	G5S_RS00375	WP_013712193.1	82	30S ribosomal protein S18
chr	NC_015408.1	86496	86834	-	29640541	-	G5S_RS00380	WP_013712194.1	112	30S ribosomal protein S6
chr	NC_015408.1	86917	87474	-	29640457	-	G5S_RS00385	WP_021756854.1	185	aminoacyl-tRNA hydrolase
chr	NC_015408.1	87482	88039	-	29640919	-	G5S_RS00390	WP_013712196.1	185	50S ribosomal protein L25
chr	NC_015408.1	88515	89945	+	29641087	-	G5S_RS00400	WP_013712197.1	476	glycogen synthase GlgA
chr	NC_015408.1	89924	90544	-	29640715	-	G5S_RS00405	WP_013712198.1	206	CDP-diacylglycerol--glycerol-3-phosphate 3-phosphatidyltransferase
chr	NC_015408.1	90827	93853	+	29641025	-	G5S_RS00410	WP_013712199.1	1008	glycine--tRNA ligase
chr	NC_015408.1	94045	94497	-	29640752	-	G5S_RS00415	WP_013712200.1	150	hypothetical protein
chr	NC_015408.1	94749	95015	-	29641030	-	G5S_RS00420	WP_013712201.1	88	hypothetical protein
chr	NC_015408.1	95117	96916	-	29641113	-	G5S_RS00425	WP_013712202.1	599	DNA primase
chr	NC_015408.1	97202	99682	+	29641050	-	G5S_RS00430	WP_013712203.1	826	DNA mismatch repair protein MutS
chr	NC_015408.1	99687	101480	+	29640814	-	G5S_RS00435	WP_013712204.1	597	excinuclease ABC subunit UvrC
chr	NC_015408.1	101491	101964	-	29640528	-	G5S_RS00440	WP_013712205.1	157	Asp23/Gls24 family envelope stress response protein
chr	NC_015408.1	102060	102554	+	29640682	-	G5S_RS00445	WP_013712206.1	164	hypothetical protein
chr	NC_015408.1	102602	102907	-	29640266	-	G5S_RS00450	WP_013712207.1	101	30S ribosomal protein S14
chr	NC_015408.1	102931	103068	-	29640446	-	G5S_RS00455	WP_011006789.1	45	MULTISPECIES: 50S ribosomal protein L36
chr	NC_015408.1	103309	103446	+	31508291	-	G5S_RS04955	WP_024010173.1	45	50S ribosomal protein L34
chr	NC_015408.1	103453	103872	+	29640237	-	G5S_RS00460	WP_021757497.1	139	ribonuclease P protein component
chr	NC_015408.1	103814	104860	-	29640204	-	G5S_RS00465	WP_013712208.1	348	thioredoxin family protein
chr	NC_015408.1	105236	106663	+	29640347	-	G5S_RS00470	WP_013712209.1	475	cysteine--tRNA ligase
chr	NC_015408.1	106660	108225	-	29640875	-	G5S_RS00475	WP_013712210.1	521	lysine--tRNA ligase
chr	NC_015408.1	108354	108863	-	29640428	-	G5S_RS00480	WP_013712211.1	169	thioredoxin family protein
chr	NC_015408.1	109062	109739	+	29640698	-	G5S_RS00485	WP_013712212.1	225	hypothetical protein
chr	NC_015408.1	109688	111931	+	29640313	-	G5S_RS00490	WP_013712213.1	747	primosomal protein N\'
chr	NC_015408.1	111866	112972	-	29640616	-	G5S_RS00495	WP_013712214.1	368	aminotransferase class I/II-fold pyridoxal phosphate-dependent enzyme
chr	NC_015408.1	113023	114639	-	29640414	-	G5S_RS00500	WP_021757505.1	538	AMP-binding protein
chr	NC_015408.1	114656	115417	-	29640972	-	G5S_RS00505	WP_013712216.1	253	1-acyl-sn-glycerol-3-phosphate acyltransferase
chr	NC_015408.1	115512	116483	+	29640268	-	G5S_RS00510	WP_013712217.1	323	3\'(2\'),5\'-bisphosphate nucleotidase
chr	NC_015408.1	116478	117530	-	29640497	-	G5S_RS00515	WP_013712218.1	350	Glu/Leu/Phe/Val dehydrogenase
chr	NC_015408.1	117670	118323	+	29640888	-	G5S_RS00520	WP_013712219.1	217	inorganic pyrophosphatase
chr	NC_015408.1	118340	118792	-	29640309	-	G5S_RS00525	WP_013712220.1	150	NUDIX domain-containing protein
chr	NC_015408.1	118795	120045	-	29641053	-	G5S_RS00530	WP_013712221.1	416	beta-ketoacyl
chr	NC_015408.1	120062	120421	-	29640377	-	G5S_RS00535	WP_013712222.1	119	ribosome silencing factor
chr	NC_015408.1	120481	121122	-	29640952	-	G5S_RS00540	WP_013712223.1	213	haloacid dehalogenase
chr	NC_015408.1	121119	122765	-	29640733	-	G5S_RS00545	WP_041466991.1	548	hypothetical protein
chr	NC_015408.1	122846	123901	+	29640527	-	G5S_RS00550	WP_013712226.1	351	dehypoxanthine futalosine cyclase
chr	NC_015408.1	123892	124911	-	29640717	-	G5S_RS00555	WP_013712227.1	339	tRNA (adenosine(37)-N6)-dimethylallyltransferase MiaA
chr	NC_015408.1	124920	125252	-	29640554	-	G5S_RS00560	WP_013712228.1	110	anti-sigma factor antagonist
chr	NC_015408.1	125328	126125	+	29640422	-	G5S_RS00565	WP_041466992.1	265	hypothetical protein
chr	NC_015408.1	126110	126430	+	29640432	-	G5S_RS00570	WP_013712230.1	106	divalent-cation tolerance protein CutA
chr	NC_015408.1	126535	126951	+	29640754	-	G5S_RS00575	WP_021756881.1	138	KH domain-containing protein
chr	NC_015408.1	126993	129419	-	29640288	-	G5S_RS00580	WP_013712232.1	808	bifunctional UDP-N-acetylmuramate--L-alanine ligase/D-alanine--D-alanine ligase
chr	NC_015408.1	129428	130486	-	29640358	-	G5S_RS00585	WP_013712233.1	352	undecaprenyldiphospho-muramoylpentapeptide beta-N-acetylglucosaminyltransferase
chr	NC_015408.1	130470	131552	-	29641150	-	G5S_RS00590	WP_013712234.1	360	putative lipid II flippase FtsW
chr	NC_015408.1	131568	132251	-	29640558	-	G5S_RS00595	WP_021756884.1	227	LysM peptidoglycan-binding domain-containing protein
chr	NC_015408.1	132248	133507	-	29640818	murD	G5S_RS00600	WP_013712236.1	419	UDP-N-acetylmuramoyl-L-alanine--D-glutamate ligase
chr	NC_015408.1	133508	134563	-	29640280	-	G5S_RS00605	WP_024010743.1	351	phospho-N-acetylmuramoyl-pentapeptide-transferase
chr	NC_015408.1	134578	135921	-	29640583	-	G5S_RS00610	WP_041466993.1	447	UDP-N-acetylmuramoyl-tripeptide--D-alanyl-D-alanine ligase
chr	NC_015408.1	136223	137725	+	29640751	-	G5S_RS00620	WP_013712239.1	500	molecular chaperone GroEL
chr	NC_015408.1	137827	138735	+	29640672	-	G5S_RS00625	WP_013712240.1	302	metallophosphoesterase
chr	NC_015408.1	138730	138954	-	29641045	-	G5S_RS00630	WP_013712241.1	74	hypothetical protein
chr	NC_015408.1	139008	139580	-	29640608	-	G5S_RS00635	WP_013712242.1	190	elongation factor P
chr	NC_015408.1	139763	140602	+	29640805	-	G5S_RS00640	WP_013712243.1	279	AMP nucleosidase
chr	NC_015408.1	140596	142590	-	29640619	-	G5S_RS00645	WP_041466994.1	664	transketolase
chr	NC_015408.1	142805	145429	+	29640630	-	G5S_RS00650	WP_013712245.1	874	alanine--tRNA ligase
chr	NC_015408.1	145399	148662	+	29640390	-	G5S_RS00655	WP_041466995.1	1087	transcription-repair coupling factor
chr	NC_015408.1	149643	151016	+	29640974	-	G5S_RS00665	WP_021756895.1	457	oxygen-independent coproporphyrinogen III oxidase
chr	NC_015408.1	151013	152284	+	29640533	-	G5S_RS00670	WP_013712249.1	423	protoporphyrinogen oxidase
chr	NC_015408.1	152281	154659	-	29640378	-	G5S_RS00675	WP_049770593.1	792	hypothetical protein
chr	NC_015408.1	155101	155457	+	29640537	-	G5S_RS00680	WP_013712251.1	118	histone
chr	NC_015408.1	155615	156805	+	29640534	-	G5S_RS00685	WP_013712253.1	396	class I SAM-dependent RNA methyltransferase
chr	NC_015408.1	156875	157225	+	29640556	-	G5S_RS00690	WP_013712254.1	116	preprotein translocase subunit YajC
chr	NC_015408.1	157327	158622	+	29640884	-	G5S_RS00695	WP_013712255.1	431	NADH:ubiquinone reductase (Na(+)-transporting) subunit F
chr	NC_015408.1	164417	166834	+	29640482	-	G5S_RS00720	WP_041466996.1	805	DNA translocase FtsK
chr	NC_015408.1	166843	167631	+	29640725	-	G5S_RS00725	WP_013712258.1	262	MBL fold metallo-hydrolase
chr	NC_015408.1	167631	168287	+	29641159	-	G5S_RS00730	WP_013712259.1	218	SET domain-containing protein-lysine N-methyltransferase
chr	NC_015408.1	168289	168741	-	29640965	-	G5S_RS00735	WP_013712260.1	150	YbhB/YbcL family Raf kinase inhibitor-like protein
chr	NC_015408.1	168761	170137	-	29640539	-	G5S_RS00740	WP_013712261.1	458	sodium:alanine symporter family protein
chr	NC_015408.1	170259	170918	-	29640592	-	G5S_RS00745	WP_013712262.1	219	hypothetical protein
chr	NC_015408.1	171239	172534	+	29640637	-	G5S_RS00750	WP_041467058.1	431	hypothetical protein
chr	NC_015408.1	172563	173033	-	29640434	-	G5S_RS00755	WP_013712264.1	156	6,7-dimethyl-8-ribityllumazine synthase
chr	NC_015408.1	173048	174301	-	29640947	-	G5S_RS00760	WP_013712265.1	417	bifunctional 3,4-dihydroxy-2-butanone-4-phosphate synthase/GTP cyclohydrolase II
chr	NC_015408.1	174378	175496	-	29640228	-	G5S_RS00765	WP_013712266.1	372	bifunctional diaminohydroxyphosphoribosylaminopyrimidine deaminase/5-amino-6-(5-phosphoribosylamino)uracil reductase RibD
chr	NC_015408.1	175533	176807	+	29640529	-	G5S_RS00770	WP_013712267.1	424	serine--tRNA ligase
chr	NC_015408.1	176890	177630	+	29640273	-	G5S_RS00775	WP_013712268.1	246	membrane protein
chr	NC_015408.1	177644	179617	+	29640580	-	G5S_RS00780	WP_021757537.1	657	cation-translocating P-type ATPase
chr	NC_015408.1	179619	180758	-	29640403	-	G5S_RS00785	WP_013712270.1	379	FtsW/RodA/SpoVE family cell cycle protein
chr	NC_015408.1	180792	181367	+	29640367	-	G5S_RS00790	WP_013712271.1	191	biotin-
chr	NC_015408.1	181335	181862	-	29640621	-	G5S_RS00795	WP_013712272.1	175	hypothetical protein
chr	NC_015408.1	181880	182584	-	29640923	-	G5S_RS00800	WP_013712273.1	234	rRNA pseudouridine synthase
chr	NC_015408.1	182738	183424	+	29640895	-	G5S_RS00805	WP_013712275.1	228	2,3-bisphosphoglycerate-dependent phosphoglycerate mutase
chr	NC_015408.1	183379	184533	+	29640806	-	G5S_RS00810	WP_013712276.1	384	aminotransferase class V-fold PLP-dependent enzyme
chr	NC_015408.1	184530	185357	+	29640796	-	G5S_RS00815	WP_013712277.1	275	hypothetical protein
chr	NC_015408.1	185443	186459	+	29640854	-	G5S_RS00820	WP_041466997.1	338	type III secretion system protein
chr	NC_015408.1	186475	187020	+	29640464	-	G5S_RS00825	WP_013712279.1	181	hypothetical protein
chr	NC_015408.1	187017	188318	+	29640609	-	G5S_RS00830	WP_013712280.1	433	FliI/YscN family ATPase
chr	NC_015408.1	188315	188674	+	29641077	-	G5S_RS00835	WP_021757543.1	119	hypothetical protein
chr	NC_015408.1	188692	190077	+	29640508	-	G5S_RS00840	WP_021757544.1	461	UTP--glucose-1-phosphate uridylyltransferase
chr	NC_015408.1	190074	191078	+	29640245	-	G5S_RS00845	WP_013712282.1	334	NAD(P)-dependent glycerol-3-phosphate dehydrogenase
chr	NC_015408.1	191192	192223	+	29640864	-	G5S_RS00850	WP_021757546.1	343	outer membrane protein
chr	NC_015408.1	192220	193389	-	29641013	-	G5S_RS00855	WP_013712284.1	389	hypothetical protein
chr	NC_015408.1	193406	195688	-	29641003	-	G5S_RS00860	WP_013712285.1	760	hypothetical protein
chr	NC_015408.1	195802	197598	-	29640649	-	G5S_RS00865	WP_013712286.1	598	phosphoenolpyruvate carboxykinase (GTP)
chr	NC_015408.1	197601	198701	-	29640381	-	G5S_RS00870	WP_013712287.1	366	MULTISPECIES: rod shape-determining protein
chr	NC_015408.1	198706	202209	-	29640928	-	G5S_RS00875	WP_013712288.1	1167	DEAD/DEAH box helicase
chr	NC_015408.1	202489	203814	+	29640654	-	G5S_RS00885	WP_041466998.1	441	trigger factor
chr	NC_015408.1	203986	204600	+	29640767	-	G5S_RS00890	WP_013712290.1	204	ATP-dependent Clp protease proteolytic subunit
chr	NC_015408.1	204610	205878	+	29640693	-	G5S_RS00895	WP_013712291.1	422	ATP-dependent Clp protease ATP-binding subunit ClpX
chr	NC_015408.1	205897	207129	+	29640720	-	G5S_RS00900	WP_013712292.1	410	CCA tRNA nucleotidyltransferase
chr	NC_015408.1	207250	208701	+	29640748	-	G5S_RS00905	WP_013712293.1	483	ribosome biogenesis GTPase Der
chr	NC_015408.1	208773	209312	+	29641029	-	G5S_RS00910	WP_013712294.1	179	hypothetical protein
chr	NC_015408.1	209352	212255	-	29640342	-	G5S_RS00915	WP_013712295.1	967	preprotein translocase subunit SecA
chr	NC_015408.1	212416	213741	-	29640399	-	G5S_RS00920	WP_013712296.1	441	hypothetical protein
chr	NC_015408.1	213800	214705	-	29640525	-	G5S_RS00925	WP_013712297.1	301	phosphatidylserine decarboxylase
chr	NC_015408.1	214858	216189	+	29640301	-	G5S_RS00930	WP_013712298.1	443	tRNA uridine-5-carboxymethylaminomethyl(34) synthesis GTPase MnmE
chr	NC_015408.1	216190	216810	+	29640823	-	G5S_RS00935	WP_013712299.1	206	endonuclease III
chr	NC_015408.1	216946	218187	+	29641138	-	G5S_RS00940	WP_013712300.1	413	branched-chain amino acid transport system II carrier protein
chr	NC_015408.1	218215	221793	+	29640731	-	G5S_RS00945	WP_041466999.1	1192	DEAD/DEAH box helicase
chr	NC_015408.1	221795	222262	-	29640992	-	G5S_RS00950	WP_013712302.1	155	hypothetical protein
chr	NC_015408.1	222504	223889	+	29640562	-	G5S_RS00955	WP_013712303.1	461	dihydrolipoyl dehydrogenase
chr	NC_015408.1	223886	224800	+	29640405	-	G5S_RS00960	WP_013712304.1	304	lipoyl synthase
chr	NC_015408.1	224972	225964	+	29641122	-	G5S_RS00965	WP_013712305.1	330	EscJ/YscJ/HrcJ family type III secretion inner membrane ring protein
chr	NC_015408.1	225964	226797	+	29640839	-	G5S_RS00970	WP_013712306.1	277	hypothetical protein
chr	NC_015408.1	226930	227613	+	29640978	-	G5S_RS00975	WP_013712307.1	227	HrpE/YscL family type III secretion apparatus protein
chr	NC_015408.1	227629	228546	+	29641032	-	G5S_RS00980	WP_013712308.1	305	EscR/YscR/HrcR family type III secretion system export apparatus protein
chr	NC_015408.1	228558	228842	+	29640759	-	G5S_RS00985	WP_021756941.1	94	EscS/YscS/HrcS family type III secretion system export apparatus protein
chr	NC_015408.1	228848	229717	+	29641058	-	G5S_RS00990	WP_013712309.1	289	EscT/YscT/HrcT family type III secretion system export apparatus protein
chr	NC_015408.1	229792	230256	-	29641098	-	G5S_RS00995	WP_013712311.1	154	hypothetical protein
chr	NC_015408.1	230344	231348	-	29640553	-	G5S_RS01000	WP_013712312.1	334	hypothetical protein
chr	NC_015408.1	231353	231901	-	29640997	-	G5S_RS01005	WP_013712313.1	182	DUF1494 domain-containing protein
chr	NC_015408.1	231886	232320	-	29640518	-	G5S_RS01010	WP_013712314.1	144	membrane protein
chr	NC_015408.1	232351	232716	-	29640509	-	G5S_RS01015	WP_013712315.1	121	type II secretion system protein
chr	NC_015408.1	232739	233914	-	29640462	-	G5S_RS01020	WP_013712316.1	391	type II secretion system F family protein
chr	NC_015408.1	233929	235419	-	29641179	-	G5S_RS01025	WP_013712317.1	496	type II/IV secretion system protein
chr	NC_015408.1	235409	237664	-	29640459	-	G5S_RS01030	WP_013712318.1	751	type II secretion system protein GspD
chr	NC_015408.1	237661	238956	-	29640523	-	G5S_RS01035	WP_041467000.1	431	hypothetical protein
chr	NC_015408.1	239073	240143	-	29640490	-	G5S_RS01040	WP_013712320.1	356	aminopeptidase P family protein
chr	NC_015408.1	240145	241872	-	29640912	-	G5S_RS01045	WP_013712321.1	575	DNA mismatch repair endonuclease MutL
chr	NC_015408.1	242088	242816	+	29640406	-	G5S_RS01050	WP_013712322.1	242	CesD/SycD/LcrH family type III secretion system chaperone
chr	NC_015408.1	242835	243194	+	29640915	-	G5S_RS01055	WP_013712323.1	119	hypothetical protein
chr	NC_015408.1	243228	244670	+	29640708	-	G5S_RS01060	WP_013712324.1	480	type III secretion system membrane protein
chr	NC_015408.1	244697	246013	+	29641120	-	G5S_RS01065	WP_013712325.1	438	type III secretion system protein
chr	NC_015408.1	246051	246956	-	29640469	-	G5S_RS01070	WP_013712327.1	301	DMT family transporter
chr	NC_015408.1	247164	249071	+	29641176	-	G5S_RS01075	WP_013712328.1	635	threonine--tRNA ligase
chr	NC_015408.1	249099	249866	+	29640692	-	G5S_RS01080	WP_013712329.1	255	ParA family protein
chr	NC_015408.1	249871	250623	+	29640206	-	G5S_RS01085	WP_041467001.1	250	virulence factor
chr	NC_015408.1	250629	251183	+	29641130	-	G5S_RS01090	WP_013712331.1	184	hypothetical protein
chr	NC_015408.1	251192	252235	+	29640256	-	G5S_RS01095	WP_013712332.1	347	tryptophan--tRNA ligase
chr	NC_015408.1	252232	254196	+	29640666	-	G5S_RS01100	WP_041467060.1	654	excinuclease ABC subunit B
chr	NC_015408.1	254317	255597	+	29640254	-	G5S_RS01105	WP_013712334.1	426	phosphopyruvate hydratase
chr	NC_015408.1	255689	257602	+	29640436	-	G5S_RS01110	WP_013712335.1	637	HAMP domain-containing protein
chr	NC_015408.1	257599	259449	+	29640568	-	G5S_RS01115	WP_013712336.1	616	hypothetical protein
chr	NC_015408.1	259430	259771	-	29640644	-	G5S_RS01120	WP_013712337.1	113	hypothetical protein
chr	NC_015408.1	259884	262772	+	29640325	-	G5S_RS01125	WP_013712338.1	962	hypothetical protein
chr	NC_015408.1	262779	263558	-	29641139	-	G5S_RS01130	WP_013712339.1	259	succinate dehydrogenase iron-sulfur subunit
chr	NC_015408.1	263570	265447	-	29640874	-	G5S_RS01135	WP_013712340.1	625	succinate dehydrogenase flavoprotein subunit
chr	NC_015408.1	265447	266334	-	29641151	-	G5S_RS01140	WP_013712341.1	295	succinate dehydrogenase
chr	NC_015408.1	266421	267212	-	29640837	-	G5S_RS01145	WP_013712342.1	263	YchF/TatD family DNA exonuclease
chr	NC_015408.1	267332	269449	-	29640282	-	G5S_RS01150	WP_041467062.1	705	thio:disulfide interchange protein
chr	NC_015408.1	269620	270318	+	29640581	-	G5S_RS01155	WP_013712345.1	232	MotA/TolQ/ExbB proton channel family protein
chr	NC_015408.1	270315	270719	+	29640723	-	G5S_RS01160	WP_013712346.1	134	biopolymer transporter ExbD
chr	NC_015408.1	270700	271428	+	29640750	-	G5S_RS01165	WP_013712347.1	242	hypothetical protein
chr	NC_015408.1	271459	272730	+	29640412	tolB	G5S_RS01170	WP_013712348.1	423	Tol-Pal system protein TolB
chr	NC_015408.1	272740	273309	+	29641047	-	G5S_RS01175	WP_013712349.1	189	OmpA family protein
chr	NC_015408.1	273299	273898	+	29640647	-	G5S_RS01180	WP_013712350.1	199	LysM peptidoglycan-binding domain-containing protein
chr	NC_015408.1	273995	274384	+	29640695	-	G5S_RS01185	WP_013712351.1	129	hypothetical protein
chr	NC_015408.1	274381	274971	-	29640847	-	G5S_RS01190	WP_013712352.1	196	peroxiredoxin
chr	NC_015408.1	275118	276749	-	29640213	-	G5S_RS01200	WP_013712353.1	543	chaperonin GroEL
chr	NC_015408.1	276833	278068	-	29640397	-	G5S_RS01205	WP_021756977.1	411	DUF1343 domain-containing protein
chr	NC_015408.1	278206	278826	+	29640602	-	G5S_RS01210	WP_013712355.1	206	RdgB/HAM1 family non-canonical purine NTP pyrophosphatase
chr	NC_015408.1	278809	279042	-	29640980	-	G5S_RS01215	WP_013712356.1	77	hypothetical protein
chr	NC_015408.1	279049	279762	-	29640783	-	G5S_RS01220	WP_013712357.1	237	uracil-DNA glycosylase
chr	NC_015408.1	279866	281776	+	29640291	-	G5S_RS01225	WP_041467065.1	636	ATP-dependent DNA helicase
chr	NC_015408.1	281780	283054	+	29640275	-	G5S_RS01230	WP_013712360.1	424	RNA polymerase sigma-54 factor
chr	NC_015408.1	283067	283861	-	29640557	-	G5S_RS01235	WP_013712361.1	264	hypothetical protein
chr	NC_015408.1	284352	286919	+	29640768	-	G5S_RS01240	WP_021757590.1	855	type I DNA topoisomerase
chr	NC_015408.1	286916	287899	-	29641049	-	G5S_RS01245	WP_013712364.1	327	tRNA dihydrouridine synthase DusB
chr	NC_015408.1	287878	288174	-	29640969	-	G5S_RS01250	WP_021756985.1	98	MULTISPECIES: YggT family protein
chr	NC_015408.1	288273	289670	+	29641070	-	G5S_RS01255	WP_013712365.1	465	hypothetical protein
chr	NC_015408.1	289667	290254	+	29640859	-	G5S_RS01260	WP_013712366.1	195	hypothetical protein
chr	NC_015408.1	290245	291522	+	29640902	-	G5S_RS01265	WP_041467002.1	425	MORN repeat variant family protein
chr	NC_015408.1	291540	292076	+	29641055	-	G5S_RS01270	WP_013712368.1	178	5-formyltetrahydrofolate cyclo-ligase
chr	NC_015408.1	292172	292378	+	29641066	-	G5S_RS01275	WP_035408548.1	68	hypothetical protein
chr	NC_015408.1	292395	293441	+	29640587	-	G5S_RS01280	WP_013712370.1	348	recombinase RecA
chr	NC_015408.1	293509	295221	-	29640368	-	G5S_RS01285	WP_041467066.1	570	RNA polymerase sigma factor
chr	NC_015408.1	295362	296543	-	29640615	-	G5S_RS01290	WP_041467003.1	393	hypothetical protein
chr	NC_015408.1	296800	297090	+	29640688	-	G5S_RS01295	WP_013712373.1	96	30S ribosomal protein S20
chr	NC_015408.1	297122	297991	+	29640689	-	G5S_RS01300	WP_013712374.1	289	hypothetical protein
chr	NC_015408.1	297999	299525	-	29641171	-	G5S_RS01305	WP_013712375.1	508	exodeoxyribonuclease V subunit alpha
chr	NC_015408.1	299533	301377	-	29641152	-	G5S_RS01310	WP_013712376.1	614	DUF1347 domain-containing protein
chr	NC_015408.1	301577	302248	+	29640478	-	G5S_RS01315	WP_013712377.1	223	DNA-binding response regulator
chr	NC_015408.1	302333	302950	+	29640984	-	G5S_RS01320	WP_041467004.1	205	LpxA family transferase
chr	NC_015408.1	302958	303839	+	29640516	-	G5S_RS01325	WP_013712380.1	293	polyprenyl synthetase family protein
chr	NC_015408.1	303935	304189	-	29640762	-	G5S_RS01335	WP_013712381.1	84	MULTISPECIES: hypothetical protein
chr	NC_015408.1	304261	305862	-	29641018	-	G5S_RS01340	WP_013712382.1	533	hypothetical protein
chr	NC_015408.1	306156	307193	+	29640514	-	G5S_RS01345	WP_013712384.1	345	porphobilinogen synthase
chr	NC_015408.1	307153	308565	-	29640711	-	G5S_RS01350	WP_013712385.1	470	NADH:ubiquinone reductase (Na(+)-transporting) subunit A
chr	NC_015408.1	308587	309015	-	29640694	-	G5S_RS01355	WP_013712386.1	142	hypothetical protein
chr	NC_015408.1	309128	311281	+	29640634	-	G5S_RS01360	WP_024010775.1	717	transcription elongation factor GreA
chr	NC_015408.1	311427	312626	+	29640769	-	G5S_RS01370	WP_013712388.1	399	aspartate/tyrosine/aromatic aminotransferase
chr	NC_015408.1	312604	313614	+	29640663	-	G5S_RS01375	WP_021756282.1	336	cell shape-determining protein
chr	NC_015408.1	313574	316690	-	29640413	-	G5S_RS01380	WP_021757016.1	1038	exodeoxyribonuclease V subunit beta
chr	NC_015408.1	316677	319721	-	29640495	-	G5S_RS01385	WP_013712392.1	1014	exodeoxyribonuclease V subunit gamma
chr	NC_015408.1	319720	321417	+	29640476	-	G5S_RS01390	WP_013712393.1	565	MFS transporter
chr	NC_015408.1	321482	322456	-	29640873	-	G5S_RS01395	WP_013712394.1	324	rhodanese-related sulfurtransferase
chr	NC_015408.1	322675	323301	+	29640521	-	G5S_RS01400	WP_013712395.1	208	30S ribosomal protein S4
chr	NC_015408.1	323370	324239	-	29640641	-	G5S_RS01405	WP_035408822.1	289	deoxyribonuclease IV
chr	NC_015408.1	324308	325945	+	29640813	-	G5S_RS01410	WP_013712397.1	545	murein biosynthesis integral membrane protein MurJ
chr	NC_015408.1	326037	327287	+	29640424	-	G5S_RS01415	WP_013712398.1	416	hypothetical protein
chr	NC_015408.1	327395	329350	+	29640576	-	G5S_RS01420	WP_013712400.1	651	hypothetical protein
chr	NC_015408.1	329494	332121	-	29640222	-	G5S_RS01425	WP_013712401.1	875	hypothetical protein
chr	NC_015408.1	332328	334844	+	29640317	-	G5S_RS01430	WP_041467068.1	838	effector from type III secretion system family protein
chr	NC_015408.1	335134	335856	-	29640383	-	G5S_RS01435	WP_013712404.1	240	LPS export ABC transporter ATP-binding protein
chr	NC_015408.1	335862	336344	-	29640983	-	G5S_RS01440	WP_013712405.1	160	DUF1137 domain-containing protein
chr	NC_015408.1	336341	337150	-	29640977	-	G5S_RS01445	WP_013712406.1	269	3-deoxy-8-phosphooctulonate synthase
chr	NC_015408.1	337483	337719	-	29640734	-	G5S_RS01455	WP_013712407.1	78	KH domain-containing protein
chr	NC_015408.1	337841	338803	-	29640835	-	G5S_RS01460	WP_041467069.1	320	RluA family pseudouridine synthase
chr	NC_015408.1	338941	339264	-	29640585	-	G5S_RS01465	WP_013712409.1	107	hypothetical protein
chr	NC_015408.1	339267	339557	-	29640570	-	G5S_RS01470	WP_021756295.1	96	hypothetical protein
chr	NC_015408.1	339667	341091	-	29640247	-	G5S_RS01475	WP_013712411.1	474	DNA topoisomerase IV subunit A
chr	NC_015408.1	341094	342899	-	29641129	-	G5S_RS01480	WP_013712412.1	601	DNA topoisomerase IV subunit B
chr	NC_015408.1	343177	344196	+	29640900	hemA	G5S_RS01485	WP_013712413.1	339	glutamyl-tRNA reductase
chr	NC_015408.1	344530	344931	+	29640926	-	G5S_RS01490	WP_013712414.1	133	CesT family type III secretion system chaperone
chr	NC_015408.1	344952	347405	+	29641091	-	G5S_RS01495	WP_013712415.1	817	EscD/YscD/HrpQ family type III secretion system inner membrane ring protein
chr	NC_015408.1	347447	347698	+	29640760	-	G5S_RS01500	WP_013712416.1	83	hypothetical protein
chr	NC_015408.1	347720	347977	+	29640861	-	G5S_RS01505	WP_021756300.1	85	hypothetical protein
chr	NC_015408.1	347996	348445	+	29640904	-	G5S_RS01510	WP_013712417.1	149	hypothetical protein
chr	NC_015408.1	348471	349151	+	29640800	-	G5S_RS01515	WP_013712418.1	226	hypothetical protein
chr	NC_015408.1	349153	350481	+	29640345	-	G5S_RS01520	WP_013712419.1	442	EscN/YscN/HrcN family type III secretion system ATPase
chr	NC_015408.1	350495	351001	+	29640868	-	G5S_RS01525	WP_013712420.1	168	hypothetical protein
chr	NC_015408.1	351006	351872	+	29641007	-	G5S_RS01530	WP_013712421.1	288	hypothetical protein
chr	NC_015408.1	351885	353000	+	29640706	-	G5S_RS01535	WP_013712422.1	371	YscQ/HrcQ family type III secretion apparatus protein
chr	NC_015408.1	353013	354506	+	29640507	-	G5S_RS01540	WP_013712423.1	497	serine/threonine protein kinase
chr	NC_015408.1	354503	357229	+	29640851	-	G5S_RS01545	WP_013712424.1	908	type II secretion system protein GspD
chr	NC_015408.1	357501	358571	-	29640485	-	G5S_RS01555	WP_013712425.1	356	protein arginine kinase
chr	NC_015408.1	358558	359073	-	29640776	-	G5S_RS01560	WP_013712426.1	171	excinuclease ABC subunit B
chr	NC_015408.1	359451	359993	-	29640226	-	G5S_RS01575	WP_013712427.1	180	ribosome recycling factor
chr	NC_015408.1	359977	360720	-	29640917	-	G5S_RS01580	WP_013712428.1	247	UMP kinase
chr	NC_015408.1	360725	361576	-	29640893	-	G5S_RS01585	WP_013712429.1	283	elongation factor Ts
chr	NC_015408.1	361573	362424	-	29640964	-	G5S_RS01590	WP_013712430.1	283	30S ribosomal protein S2
chr	NC_015408.1	362801	363976	-	29640922	-	G5S_RS01600	WP_013712431.1	391	major outer membrane protein
chr	NC_015408.1	364451	367696	+	29640903	-	G5S_RS01610	WP_013712432.1	1081	peptidase
chr	NC_015408.1	367767	368786	+	29640388	-	G5S_RS01615	WP_013712433.1	339	tetratricopeptide repeat protein
chr	NC_015408.1	369067	370521	+	29640668	-	G5S_RS01620	WP_021756314.1	484	Fe-S cluster assembly protein SufB
chr	NC_015408.1	370529	371293	+	29640891	-	G5S_RS01625	WP_013712435.1	254	Fe-S cluster assembly ATPase SufC
chr	NC_015408.1	371303	372550	+	29640241	-	G5S_RS01630	WP_013712436.1	415	SufD family Fe-S cluster assembly protein
chr	NC_015408.1	372564	373784	+	29640970	-	G5S_RS01635	WP_013712437.1	406	SufS family cysteine desulfurase
chr	NC_015408.1	373805	374572	-	29640779	-	G5S_RS01640	WP_041467005.1	255	polysaccharide deacetylase
chr	NC_015408.1	374713	375387	-	29640599	-	G5S_RS01645	WP_013712440.1	224	hypothetical protein
chr	NC_015408.1	375587	376465	+	29640522	-	G5S_RS01650	WP_013712441.1	292	ParB/RepB/Spo0J family partition protein
chr	NC_015408.1	376569	377558	-	29640283	-	G5S_RS01655	WP_013712442.1	329	ABC transporter ATP-binding protein
chr	NC_015408.1	377551	378522	-	29640410	-	G5S_RS01660	WP_013712443.1	323	ABC transporter ATP-binding protein
chr	NC_015408.1	378576	379250	+	29640344	-	G5S_RS01665	WP_013712444.1	224	TIGR00153 family protein
chr	NC_015408.1	379253	380527	+	29640530	-	G5S_RS01670	WP_013712445.1	424	inorganic phosphate transporter
chr	NC_015408.1	380565	381776	+	29640353	-	G5S_RS01675	WP_013712446.1	403	phosphoglycerate kinase
chr	NC_015408.1	381900	383066	+	29640979	-	G5S_RS01680	WP_041467006.1	388	hypothetical protein
chr	NC_015408.1	383073	384224	+	29640269	-	G5S_RS01685	WP_013712448.1	383	hypothetical protein
chr	NC_015408.1	384326	385453	+	29641155	-	G5S_RS01690	WP_013712449.1	375	hypothetical protein
chr	NC_015408.1	385510	386622	+	29640624	-	G5S_RS01695	WP_021757049.1	370	RsmB/NOP family class I SAM-dependent RNA methyltransferase
chr	NC_015408.1	386757	388046	-	29640373	-	G5S_RS01700	WP_013712451.1	429	D-alanyl-D-alanine carboxypeptidase
chr	NC_015408.1	388151	388570	+	29640933	-	G5S_RS01705	WP_013712452.1	139	hypothetical protein
chr	NC_015408.1	388582	389004	-	29640953	-	G5S_RS01710	WP_021756331.1	140	anti-sigma regulatory factor
chr	NC_015408.1	388991	389581	-	29640625	-	G5S_RS01715	WP_013712454.1	196	hypothetical protein
chr	NC_015408.1	389594	390547	-	29641052	-	G5S_RS01720	WP_041467070.1	317	hypothetical protein
chr	NC_015408.1	390699	391583	+	29640955	-	G5S_RS01725	WP_013712456.1	294	hypothetical protein
chr	NC_015408.1	391587	395312	-	29640391	-	G5S_RS01730	WP_013712457.1	1241	DNA polymerase III subunit alpha
chr	NC_015408.1	395325	396680	-	29640846	-	G5S_RS01735	WP_013712458.1	451	MFS transporter
chr	NC_015408.1	396918	397106	+	29640728	-	G5S_RS01740	WP_041467007.1	62	hypothetical protein
chr	NC_015408.1	397177	398469	+	29640730	-	G5S_RS01745	WP_013712459.1	430	histidine--tRNA ligase
chr	NC_015408.1	398444	400198	+	29640380	-	G5S_RS01750	WP_013712460.1	584	aspartate--tRNA ligase
chr	NC_015408.1	400250	400993	+	29640940	-	G5S_RS01755	WP_013712461.1	247	FKBP-type peptidyl-prolyl cis-trans isomerase
chr	NC_015408.1	400990	401448	+	29640702	-	G5S_RS01760	WP_013712462.1	152	tRNA (cytidine(34)-2\'-O)-methyltransferase
chr	NC_015408.1	401454	401762	-	29640792	-	G5S_RS01765	WP_013712463.1	102	thioredoxin
chr	NC_015408.1	402111	402827	+	29640467	-	G5S_RS01775	WP_013712464.1	238	DUF2709 domain-containing protein
chr	NC_015408.1	402806	403243	+	29641181	-	G5S_RS01780	WP_013712465.1	145	tRNA (adenosine(37)-N6)-threonylcarbamoyltransferase complex ATPase subunit type 1 TsaE
chr	NC_015408.1	403265	404014	+	29640757	-	G5S_RS01785	WP_013712466.1	249	DNA polymerase III subunit epsilon
chr	NC_015408.1	404128	404601	+	29640822	-	G5S_RS01790	WP_013712467.1	157	acyl-CoA thioesterase
chr	NC_015408.1	404610	406229	+	29640582	-	G5S_RS01795	WP_041467008.1	539	apolipoprotein N-acyltransferase
chr	NC_015408.1	406259	407107	+	29640802	-	G5S_RS01800	WP_013712469.1	282	UDP-3-O-acyl-N-acetylglucosamine deacetylase
chr	NC_015408.1	407120	407578	+	29640223	-	G5S_RS01805	WP_013712470.1	152	3-hydroxyacyl-ACP dehydratase FabZ
chr	NC_015408.1	407592	408431	+	29640379	-	G5S_RS01810	WP_013712471.1	279	acyl-ACP--UDP-N-acetylglucosamine O-acyltransferase
chr	NC_015408.1	408421	409371	+	29640962	-	G5S_RS01815	WP_013712472.1	316	methionyl-tRNA formyltransferase
chr	NC_015408.1	409473	410399	+	29640242	-	G5S_RS01820	WP_013712473.1	308	hypothetical protein
chr	NC_015408.1	410698	411357	+	29640430	-	G5S_RS01825	WP_041467009.1	219	50S ribosomal protein L3
chr	NC_015408.1	411390	412064	+	29640473	-	G5S_RS01830	WP_013712475.1	224	50S ribosomal protein L4
chr	NC_015408.1	412079	412417	+	29641046	-	G5S_RS01835	WP_013712476.1	112	MULTISPECIES: 50S ribosomal protein L23
chr	NC_015408.1	412434	413288	+	29640834	-	G5S_RS01840	WP_013712477.1	284	50S ribosomal protein L2
chr	NC_015408.1	413295	413561	+	29640950	-	G5S_RS01845	WP_013712478.1	88	MULTISPECIES: 30S ribosomal protein S19
chr	NC_015408.1	413578	413913	+	29640357	-	G5S_RS01850	WP_013712479.1	111	MULTISPECIES: 50S ribosomal protein L22
chr	NC_015408.1	413923	414615	+	29641128	-	G5S_RS01855	WP_013712480.1	230	MULTISPECIES: 30S ribosomal protein S3
chr	NC_015408.1	414639	415055	+	29641156	-	G5S_RS01860	WP_013712481.1	138	MULTISPECIES: 50S ribosomal protein L16
chr	NC_015408.1	415060	415278	+	29640943	-	G5S_RS01865	WP_013712482.1	72	50S ribosomal protein L29
chr	NC_015408.1	415271	415525	+	29641154	-	G5S_RS01870	WP_013712483.1	84	30S ribosomal protein S17
chr	NC_015408.1	415562	415930	+	29640741	-	G5S_RS01875	WP_013712484.1	122	50S ribosomal protein L14
chr	NC_015408.1	415941	416273	+	29640710	-	G5S_RS01880	WP_013712485.1	110	50S ribosomal protein L24
chr	NC_015408.1	416275	416817	+	29641119	-	G5S_RS01885	WP_013712486.1	180	50S ribosomal protein L5
chr	NC_015408.1	416835	417236	+	29640909	-	G5S_RS01890	WP_021756343.1	133	MULTISPECIES: 30S ribosomal protein S8
chr	NC_015408.1	417266	417817	+	29641101	-	G5S_RS01895	WP_013712488.1	183	50S ribosomal protein L6
chr	NC_015408.1	417840	418211	+	29640896	-	G5S_RS01900	WP_013712489.1	123	50S ribosomal protein L18
chr	NC_015408.1	418229	418729	+	29641080	-	G5S_RS01905	WP_013712490.1	166	MULTISPECIES: 30S ribosomal protein S5
chr	NC_015408.1	418722	419156	+	29640595	-	G5S_RS01910	WP_013712491.1	144	50S ribosomal protein L15
chr	NC_015408.1	419179	420552	+	29640284	-	G5S_RS01915	WP_013712492.1	457	preprotein translocase subunit SecY
chr	NC_015408.1	420608	420976	+	29641178	-	G5S_RS01920	WP_013712493.1	122	MULTISPECIES: 30S ribosomal protein S13
chr	NC_015408.1	421000	421401	+	29641117	-	G5S_RS01925	WP_013712494.1	133	MULTISPECIES: 30S ribosomal protein S11
chr	NC_015408.1	421422	422546	+	29640971	-	G5S_RS01930	WP_013712495.1	374	DNA-directed RNA polymerase subunit alpha
chr	NC_015408.1	422550	422978	+	29641021	-	G5S_RS01935	WP_013712496.1	142	50S ribosomal protein L17
chr	NC_015408.1	423009	424016	+	29640951	-	G5S_RS01940	WP_013712497.1	335	type I glyceraldehyde-3-phosphate dehydrogenase
chr	NC_015408.1	424031	424867	+	29641170	-	G5S_RS01945	WP_013712498.1	278	hypothetical protein
chr	NC_015408.1	426151	426657	+	29640515	-	G5S_RS01960	WP_013712500.1	168	crossover junction endodeoxyribonuclease RuvC
chr	NC_015408.1	426657	427280	+	29640628	-	G5S_RS01965	WP_013712501.1	207	Holliday junction branch migration protein RuvA
chr	NC_015408.1	427347	427772	+	29641104	-	G5S_RS01970	WP_013712502.1	141	nucleoside-diphosphate kinase
chr	NC_015408.1	427786	428499	-	29641103	-	G5S_RS01975	WP_013712503.1	237	lipoate--protein ligase family protein
chr	NC_015408.1	428483	430321	-	29641081	-	G5S_RS01980	WP_013712504.1	612	tRNA uridine-5-carboxymethylaminomethyl(34) synthesis enzyme MnmG
chr	NC_015408.1	430637	432067	-	29640573	-	G5S_RS01985	WP_013712505.1	476	replicative DNA helicase
chr	NC_015408.1	432578	433084	+	29641042	-	G5S_RS01995	WP_013712506.1	168	MULTISPECIES: CDP-alcohol phosphatidyltransferase family protein
chr	NC_015408.1	433318	434952	+	29640701	-	G5S_RS02000	WP_013712507.1	544	NTP/H+ exchange transporter Npt2
chr	NC_015408.1	435083	436072	+	29640652	-	G5S_RS02005	WP_024010288.1	329	S49 family peptidase
chr	NC_015408.1	436091	438727	+	29640450	-	G5S_RS02010	WP_013712509.1	878	DNA polymerase I
chr	NC_015408.1	438721	439329	+	29640211	-	G5S_RS02015	WP_041466881.1	202	dephospho-CoA kinase
chr	NC_015408.1	439326	440717	+	29640538	-	G5S_RS02020	WP_013712511.1	463	transcription termination factor Rho
chr	NC_015408.1	440720	441043	-	29640958	-	G5S_RS02025	WP_013712512.1	107	hypothetical protein
chr	NC_015408.1	441096	441728	+	29640627	-	G5S_RS02030	WP_013712513.1	210	orotate phosphoribosyltransferase
chr	NC_015408.1	441848	443173	+	29641145	-	G5S_RS02035	WP_013712514.1	441	glucose-1-phosphate adenylyltransferase
chr	NC_015408.1	443261	443986	+	29640274	-	G5S_RS02040	WP_013712515.1	241	phoshohydrolase
chr	NC_015408.1	443983	444537	+	29640831	-	G5S_RS02045	WP_013712516.1	184	16S rRNA (guanine(966)-N(2))-methyltransferase RsmD
chr	NC_015408.1	444681	445433	+	29640540	-	G5S_RS02050	WP_013712517.1	250	ABC transporter substrate-binding protein
chr	NC_015408.1	445439	446395	-	29640255	-	G5S_RS02055	WP_013712518.1	318	ferrochelatase
chr	NC_015408.1	446490	447497	+	29640747	-	G5S_RS02060	WP_013712519.1	335	membrane protein
chr	NC_015408.1	447609	447887	+	29640716	-	G5S_RS02065	WP_042280649.1	92	hypothetical protein
chr	NC_015408.1	448419	450506	+	29640911	-	G5S_RS02070	WP_013712522.1	695	peptide ABC transporter substrate-binding protein
chr	NC_015408.1	450515	451999	+	29640631	-	G5S_RS02075	WP_013712523.1	494	ABC transporter permease
chr	NC_015408.1	452004	453740	+	29641009	-	G5S_RS02080	WP_021756365.1	578	ABC transporter permease
chr	NC_015408.1	453737	454261	-	29640574	-	G5S_RS02085	WP_013712526.1	174	methylated-DNA-
chr	NC_015408.1	454274	455242	-	29640797	-	G5S_RS02090	WP_013712527.1	322	toxin-antitoxin system YwqK family antitoxin
chr	NC_015408.1	455239	457617	-	29640683	-	G5S_RS02095	WP_013712528.1	792	phenylalanine--tRNA ligase subunit beta
chr	NC_015408.1	457718	458794	+	29640572	-	G5S_RS02100	WP_013712529.1	358	LysM peptidoglycan-binding domain-containing protein
chr	NC_015408.1	458706	459023	-	31508293	-	G5S_RS04965	WP_080556996.1	105	membrane protein insertion efficiency factor YidD
chr	NC_015408.1	459013	459801	-	29640775	-	G5S_RS02105	WP_013712531.1	262	RMD1 family protein
chr	NC_015408.1	460082	460663	+	29641142	-	G5S_RS02115	WP_035408599.1	193	hypothetical protein
chr	NC_015408.1	460616	461356	-	29640263	-	G5S_RS02120	WP_013712532.1	246	DNA repair protein RecO
chr	NC_015408.1	461368	461931	-	29640311	-	G5S_RS02125	WP_013712533.1	187	membrane protein
chr	NC_015408.1	461888	462565	-	29640265	-	G5S_RS02130	WP_013712534.1	225	hypothetical protein
chr	NC_015408.1	462794	463954	-	29640937	-	G5S_RS02140	WP_013712535.1	386	sigma-54-dependent Fis family transcriptional regulator
chr	NC_015408.1	464114	467014	+	29640510	-	G5S_RS02145	WP_041467010.1	966	hypothetical protein
chr	NC_015408.1	467023	468090	-	29640395	-	G5S_RS02150	WP_013712537.1	355	PAS domain-containing protein
chr	NC_015408.1	468083	468397	-	29640660	-	G5S_RS02155	WP_013712538.1	104	hypothetical protein
chr	NC_015408.1	468633	469271	-	29641001	-	G5S_RS02165	WP_013712539.1	212	hypothetical protein
chr	NC_015408.1	469302	469994	+	29640550	-	G5S_RS02170	WP_013712540.1	230	HAD family phosphatase
chr	NC_015408.1	469940	470743	-	29640996	-	G5S_RS02175	WP_013712541.1	267	tRNA pseudouridine(38-40) synthase TruA
chr	NC_015408.1	470740	471375	-	29641166	-	G5S_RS02180	WP_013712542.1	211	2-C-methyl-D-erythritol 4-phosphate cytidylyltransferase
chr	NC_015408.1	471368	472336	-	29640921	-	G5S_RS02185	WP_035408603.1	322	UDP-2,3-diacylglucosamine diphosphatase LpxG
chr	NC_015408.1	472425	472688	-	29640677	-	G5S_RS02190	WP_013712544.1	87	hypothetical protein
chr	NC_015408.1	472986	474020	+	29640294	-	G5S_RS02195	WP_013712545.1	344	peptide chain release factor 2
chr	NC_015408.1	474017	474529	+	29640329	-	G5S_RS02200	WP_013712546.1	170	GNAT family N-acetyltransferase
chr	NC_015408.1	474645	475091	+	29640897	-	G5S_RS02205	WP_080556998.1	148	hypothetical protein
chr	NC_015408.1	475111	475827	+	29640455	-	G5S_RS02210	WP_013712548.1	238	YebC/PmpR family DNA-binding transcriptional regulator
chr	NC_015408.1	475850	478453	-	29640894	-	G5S_RS02215	WP_013712549.1	867	type III secretion system actin-recruiting effector Tarp
chr	NC_015408.1	478663	480000	+	29640901	-	G5S_RS02220	WP_013712550.1	445	UDP-N-acetylglucosamine 1-carboxyvinyltransferase
chr	NC_015408.1	479991	481685	-	29641076	-	G5S_RS02225	WP_013712551.1	564	arginine--tRNA ligase
chr	NC_015408.1	481689	482336	-	29640293	-	G5S_RS02230	WP_013712552.1	215	1-acyl-sn-glycerol-3-phosphate acyltransferase
chr	NC_015408.1	482333	482983	-	29641174	-	G5S_RS02235	WP_013712553.1	216	(d)CMP kinase
chr	NC_015408.1	482980	483894	-	29640386	-	G5S_RS02240	WP_035408848.1	304	phosphatidate cytidylyltransferase
chr	NC_015408.1	483906	484664	-	29640957	-	G5S_RS02245	WP_013712555.1	252	isoprenyl transferase
chr	NC_015408.1	485023	486114	+	29640828	-	G5S_RS02250	WP_013712556.1	363	hypothetical protein
chr	NC_015408.1	486238	490446	+	29641112	-	G5S_RS02255	WP_013712557.1	1402	protein translocase subunit SecDF
chr	NC_015408.1	490525	492273	+	29641060	-	G5S_RS02260	WP_013712558.1	582	single-stranded-DNA-specific exonuclease RecJ
chr	NC_015408.1	492345	493502	+	29640669	-	G5S_RS02265	WP_013712559.1	385	hypothetical protein
chr	NC_015408.1	493655	494761	+	29640867	-	G5S_RS02270	WP_013712560.1	368	hypothetical protein
chr	NC_015408.1	495052	495606	+	29640287	-	G5S_RS02275	WP_042280533.1	184	DNA-binding protein
chr	NC_015408.1	495843	497360	+	29641082	-	G5S_RS02280	WP_013712562.1	505	glutamate--tRNA ligase
chr	NC_015408.1	497363	497560	-	29640863	-	G5S_RS02285	WP_013712563.1	65	hypothetical protein
chr	NC_015408.1	497962	498210	+	29640629	-	G5S_RS02290	WP_013712564.1	82	hypothetical protein
chr	NC_015408.1	498383	500059	+	29640468	-	G5S_RS02295	WP_013712565.1	558	DUF11 domain-containing protein
chr	NC_015408.1	500260	500832	+	29641065	-	G5S_RS02300	WP_013712566.1	190	hypothetical protein
chr	NC_015408.1	500870	502822	-	29640993	-	G5S_RS02305	WP_024010315.1	650	PDZ domain-containing protein
chr	NC_015408.1	502946	503236	-	29641099	-	G5S_RS02310	WP_013712568.1	96	hypothetical protein
chr	NC_015408.1	503352	504302	+	29641146	-	G5S_RS02315	WP_049770595.1	316	hypothetical protein
chr	NC_015408.1	504499	504870	+	29640330	-	G5S_RS02320	WP_013712571.1	123	30S ribosomal protein S12
chr	NC_015408.1	504910	505383	+	29640564	-	G5S_RS02325	WP_013712572.1	157	30S ribosomal protein S7
chr	NC_015408.1	505417	507501	+	29640260	-	G5S_RS02330	WP_013712573.1	694	elongation factor G
chr	NC_015408.1	507509	507826	+	29640407	-	G5S_RS02335	WP_013712574.1	105	MULTISPECIES: 30S ribosomal protein S10
chr	NC_015408.1	507839	508897	+	29640827	-	G5S_RS02340	WP_013712575.1	352	sulfite reductase flavoprotein subunit alpha
chr	NC_015408.1	508891	509433	-	29640833	-	G5S_RS02345	WP_013712576.1	180	2-C-methyl-D-erythritol 2,4-cyclodiphosphate synthase
chr	NC_015408.1	509940	510260	+	29641115	-	G5S_RS02355	WP_013712577.1	106	50S ribosomal protein L21
chr	NC_015408.1	510285	510533	+	29640735	-	G5S_RS02360	WP_013712578.1	82	MULTISPECIES: 50S ribosomal protein L27
chr	NC_015408.1	510640	511650	+	29640938	-	G5S_RS02365	WP_013712579.1	336	GTPase ObgE
chr	NC_015408.1	511548	512444	-	31508294	-	G5S_RS04970	WP_024010318.1	298	metal ABC transporter permease
chr	NC_015408.1	512437	513156	-	29640991	-	G5S_RS02370	WP_013712580.1	239	metal ABC transporter ATP-binding protein
chr	NC_015408.1	513153	513980	-	29641118	-	G5S_RS02375	WP_013712581.1	275	metal ABC transporter substrate-binding protein
chr	NC_015408.1	514239	519281	-	29640966	-	G5S_RS02385	WP_013712582.1	1680	autotransporter domain-containing protein
chr	NC_015408.1	519445	520146	-	29640645	-	G5S_RS04895	WP_080557000.1	233	autotransporter outer membrane beta-barrel domain-containing protein
chr	NC_015408.1	520070	522289	-	29640925	-	G5S_RS02390	WP_049770598.1	739	Pmp family polymorphic membrane protein autotransporter adhesin
chr	NC_015408.1	522439	522747	-	29640801	-	G5S_RS02395	WP_013712583.1	102	YtxH domain-containing protein
chr	NC_015408.1	522763	523104	-	29641011	-	G5S_RS02400	WP_013712584.1	113	hypothetical protein
chr	NC_015408.1	523265	524617	-	29640810	-	G5S_RS02405	WP_013712585.1	450	sodium:alanine symporter family protein
chr	NC_015408.1	524684	525184	-	29640563	-	G5S_RS02410	WP_013712586.1	166	lipoprotein signal peptidase
chr	NC_015408.1	525190	525564	-	29640392	-	G5S_RS02415	WP_013712587.1	124	RNA polymerase-binding transcription factor
chr	NC_015408.1	525588	526046	-	29640883	-	G5S_RS02420	WP_013712588.1	152	transcriptional repressor NrdR
chr	NC_015408.1	526237	526830	+	29640749	-	G5S_RS02425	WP_013712590.1	197	riboflavin synthase
chr	NC_015408.1	526836	527663	+	29640374	-	G5S_RS02430	WP_013712591.1	275	class I SAM-dependent rRNA methyltransferase
chr	NC_015408.1	527651	528451	+	29640658	-	G5S_RS02435	WP_013712592.1	266	RNA methyltransferase
chr	NC_015408.1	528643	529743	+	29640415	-	G5S_RS02440	WP_013712594.1	366	tetraacyldisaccharide 4\'-kinase
chr	NC_015408.1	529740	530984	+	29640898	-	G5S_RS02445	WP_013712595.1	414	dicarboxylate/amino acid:cation symporter
chr	NC_015408.1	531005	532162	+	29640461	-	G5S_RS02450	WP_013712596.1	385	2-oxo acid dehydrogenase subunit E2
chr	NC_015408.1	532192	533181	+	29640267	-	G5S_RS02455	WP_013712597.1	329	KpsF/GutQ family sugar-phosphate isomerase
chr	NC_015408.1	533609	534373	-	29640696	-	G5S_RS02460	WP_013712599.1	254	hypothetical protein
chr	NC_015408.1	534368	534562	+	29640394	-	G5S_RS02465	WP_041467012.1	64	hypothetical protein
chr	NC_015408.1	534555	535604	-	29640886	-	G5S_RS02470	WP_013712601.1	349	hypothetical protein
chr	NC_015408.1	535706	535999	-	29640949	-	G5S_RS02475	WP_013712602.1	97	hypothetical protein
chr	NC_015408.1	536033	536794	-	29640220	-	G5S_RS02480	WP_013712603.1	253	uroporphyrinogen-III synthase
chr	NC_015408.1	536868	538352	+	29640559	-	G5S_RS02485	WP_013712604.1	494	glycine hydroxymethyltransferase
chr	NC_015408.1	538371	538946	+	29641083	-	G5S_RS02490	WP_021756433.1	191	ATP-dependent Clp protease proteolytic subunit
chr	NC_015408.1	538915	539745	+	29640618	-	G5S_RS02495	WP_013712606.1	276	diaminopimelate epimerase
chr	NC_015408.1	539848	540837	+	29640622	-	G5S_RS02500	WP_013712607.1	329	UPF0158 family protein
chr	NC_015408.1	540991	542901	+	29641095	-	G5S_RS02505	WP_013712608.1	636	hypothetical protein
chr	NC_015408.1	542898	543602	-	29641016	-	G5S_RS02510	WP_013712609.1	234	bifunctional demethylmenaquinone methyltransferase/2-methoxy-6-polyprenyl-1,4-benzoquinol methylase UbiE
chr	NC_015408.1	543577	544368	-	29640262	-	G5S_RS02515	WP_013712610.1	263	hypothetical protein
chr	NC_015408.1	544341	545459	-	29640892	-	G5S_RS02520	WP_013712611.1	372	CofH family radical SAM protein
chr	NC_015408.1	545422	545628	-	31508295	-	G5S_RS04975	WP_013712612.1	68	hypothetical protein
chr	NC_015408.1	545660	547522	-	29640826	-	G5S_RS02525	WP_013712613.1	620	DUF3604 domain-containing protein
chr	NC_015408.1	547584	547934	-	29640231	-	G5S_RS02530	WP_013712614.1	116	STAS domain-containing protein
chr	NC_015408.1	547972	549180	-	29640292	-	G5S_RS02535	WP_013712615.1	402	HlyC/CorC family transporter
chr	NC_015408.1	549182	549655	-	29641127	-	G5S_RS02540	WP_013712616.1	157	rRNA maturation RNase YbeY
chr	NC_015408.1	549685	549846	-	31508296	-	G5S_RS04980	WP_013712617.1	53	small basic protein
chr	NC_015408.1	550138	550800	-	29640536	-	G5S_RS02545	WP_013712618.1	220	DUF502 domain-containing protein
chr	NC_015408.1	550866	551444	-	29640858	-	G5S_RS02550	WP_013712619.1	192	DNA-3-methyladenine glycosylase
chr	NC_015408.1	551449	553473	-	29640517	-	G5S_RS02555	WP_013712620.1	674	VacB/RNase II family 3\'-5\' exoribonuclease
chr	NC_015408.1	553614	555596	-	29641051	-	G5S_RS02560	WP_013712621.1	660	molecular chaperone DnaK
chr	NC_015408.1	555613	556167	-	29640230	-	G5S_RS02565	WP_013712622.1	184	nucleotide exchange factor GrpE
chr	NC_015408.1	556164	557327	-	29640487	-	G5S_RS02570	WP_021756447.1	387	heat-inducible transcriptional repressor HrcA
chr	NC_015408.1	557422	559155	-	29640812	-	G5S_RS02575	WP_013712624.1	577	proline--tRNA ligase
chr	NC_015408.1	559389	560519	+	29640401	-	G5S_RS02580	WP_013712625.1	376	hypothetical protein
chr	NC_015408.1	560796	561713	+	29640842	-	G5S_RS02585	WP_013712626.1	305	hypothetical protein
chr	NC_015408.1	561688	561990	+	29640697	-	G5S_RS02590	WP_013712627.1	100	YggU family protein
chr	NC_015408.1	561987	563012	-	29641094	-	G5S_RS02595	WP_013712628.1	341	ABC transporter substrate-binding protein
chr	NC_015408.1	563009	564199	-	29640756	-	G5S_RS02600	WP_013712629.1	396	LL-diaminopimelate aminotransferase
chr	NC_015408.1	564228	564530	+	29641111	-	G5S_RS02605	WP_041466884.1	100	hypothetical protein
chr	NC_015408.1	564457	565677	+	29640408	-	G5S_RS02610	WP_021756454.1	406	DUF1207 domain-containing protein
chr	NC_015408.1	565674	567752	-	29640236	-	G5S_RS02615	WP_013712631.1	692	LOG family protein
chr	NC_015408.1	567886	568752	+	29640207	-	G5S_RS02620	WP_013712632.1	288	hypothetical protein
chr	NC_015408.1	568755	569090	+	29640676	-	G5S_RS02625	WP_013712633.1	111	histidine triad nucleotide-binding protein
chr	NC_015408.1	569090	570736	+	29640680	-	G5S_RS02630	WP_041467013.1	548	HEAT repeat domain-containing protein
chr	NC_015408.1	570752	571048	-	29640889	-	G5S_RS02635	WP_013712635.1	98	hypothetical protein
chr	NC_015408.1	571304	572656	+	29641084	-	G5S_RS02640	WP_049770629.1	450	proline permease
chr	NC_015408.1	572701	572895	-	29640307	-	G5S_RS02645	WP_013712637.1	64	hypothetical protein
chr	NC_015408.1	573000	573848	-	29640786	-	G5S_RS02650	WP_013712638.1	282	3-deoxy-7-phosphoheptulonate synthase
chr	NC_015408.1	573860	576817	-	29640713	-	G5S_RS02655	WP_013712639.1	985	hypothetical protein
chr	NC_015408.1	576979	577737	+	29640488	-	G5S_RS02660	WP_013712640.1	252	ABC transporter substrate-binding protein
chr	NC_015408.1	577823	578503	+	29640548	-	G5S_RS02665	WP_013712641.1	226	hypothetical protein
chr	NC_015408.1	578551	579342	+	29640324	-	G5S_RS02670	WP_013712642.1	263	MBL fold metallo-hydrolase
chr	NC_015408.1	579414	580679	+	29640555	-	G5S_RS02675	WP_013712643.1	421	GTPase HflX
chr	NC_015408.1	580767	582044	+	29640418	-	G5S_RS02680	WP_013712644.1	425	tRNA (N(6)-L-threonylcarbamoyladenosine(37)-C(2))-methylthiotransferase MtaB
chr	NC_015408.1	582047	583036	+	29640458	-	G5S_RS02685	WP_041467082.1	329	hypothetical protein
chr	NC_015408.1	583049	585211	+	29640785	-	G5S_RS02690	WP_013712646.1	720	1,4-alpha-glucan branching protein GlgB
chr	NC_015408.1	585381	587114	+	29640547	-	G5S_RS02695	WP_013712647.1	577	hypothetical protein
chr	NC_015408.1	587253	588770	+	29640341	-	G5S_RS02700	WP_013712648.1	505	hypothetical protein
chr	NC_015408.1	588881	590992	+	29640612	-	G5S_RS02705	WP_041467016.1	703	hypothetical protein
chr	NC_015408.1	590994	593810	-	29640475	-	G5S_RS02710	WP_013712650.1	938	autotransporter domain-containing protein
chr	NC_015408.1	593842	596751	-	29640789	-	G5S_RS02715	WP_013712651.1	969	autotransporter domain-containing protein
chr	NC_015408.1	596850	599870	-	29640632	-	G5S_RS02720	WP_013712652.1	1006	autotransporter domain-containing protein
chr	NC_015408.1	599895	602918	-	29640960	-	G5S_RS02725	WP_013712653.1	1007	autotransporter domain-containing protein
chr	NC_015408.1	603104	604450	-	29640219	-	G5S_RS02730	WP_013712654.1	448	hypothetical protein
chr	NC_015408.1	604487	604711	+	29641158	-	G5S_RS02735	WP_041467017.1	74	hypothetical protein
chr	NC_015408.1	605568	605831	+	29640727	-	G5S_RS02740	WP_013712655.1	87	hypothetical protein
chr	NC_015408.1	605859	608729	-	29640501	-	G5S_RS02745	WP_013712656.1	956	autotransporter domain-containing protein
chr	NC_015408.1	608774	611233	-	29641160	-	G5S_RS02750	WP_013712657.1	819	autotransporter domain-containing protein
chr	NC_015408.1	611351	614551	-	29641183	-	G5S_RS02755	WP_013712658.1	1066	Pmp family polymorphic membrane protein autotransporter adhesin
chr	NC_015408.1	614992	617673	-	29640674	-	G5S_RS02760	WP_013712660.1	893	autotransporter domain-containing protein
chr	NC_015408.1	617757	620573	-	29641121	-	G5S_RS02765	WP_013712661.1	938	autotransporter domain-containing protein
chr	NC_015408.1	620684	623566	-	29641134	-	G5S_RS02770	WP_080557002.1	960	autotransporter domain-containing protein
chr	NC_015408.1	623661	627950	-	29640596	-	G5S_RS02775	WP_013712664.1	1429	hypothetical protein
chr	NC_015408.1	628135	628416	-	29640945	-	G5S_RS02780	WP_013712665.1	93	DUF378 domain-containing protein
chr	NC_015408.1	628632	628934	+	29640221	-	G5S_RS02785	WP_013712666.1	100	Asp-tRNA(Asn)/Glu-tRNA(Gln) amidotransferase subunit GatC
chr	NC_015408.1	628948	630408	+	29640932	-	G5S_RS02790	WP_013712667.1	486	Asp-tRNA(Asn)/Glu-tRNA(Gln) amidotransferase subunit GatA
chr	NC_015408.1	630425	631888	+	29641162	-	G5S_RS02795	WP_013712668.1	487	Asp-tRNA(Asn)/Glu-tRNA(Gln) amidotransferase subunit GatB
chr	NC_015408.1	632145	633287	-	29640908	-	G5S_RS04900	WP_013712670.1	380	hypothetical protein
chr	NC_015408.1	633480	633866	-	29640343	-	G5S_RS02805	WP_049770603.1	128	hypothetical protein
chr	NC_015408.1	634069	635019	-	29640272	-	G5S_RS02810	WP_013712672.1	316	hypothetical protein
chr	NC_015408.1	635214	636110	-	29640569	-	G5S_RS02815	WP_013712673.1	298	ribonuclease HIII
chr	NC_015408.1	636231	636662	+	29640657	-	G5S_RS02820	WP_013712674.1	143	helix-turn-helix domain-containing protein
chr	NC_015408.1	636710	638008	-	29641012	-	G5S_RS02825	WP_013712675.1	432	hypothetical protein
chr	NC_015408.1	638279	639142	+	29641004	-	G5S_RS02830	WP_035408896.1	287	DUF2608 domain-containing protein
chr	NC_015408.1	640448	642550	+	29640721	-	G5S_RS02845	WP_041467018.1	700	thioredoxin domain-containing protein
chr	NC_015408.1	642714	643739	+	29641002	-	G5S_RS02850	WP_049770631.1	341	hypothetical protein
chr	NC_015408.1	643752	644588	+	29640664	-	G5S_RS02855	WP_021756499.1	278	16S rRNA (adenine(1518)-N(6)/adenine(1519)-N(6))-dimethyltransferase RsmA
chr	NC_015408.1	645323	647269	-	29640881	-	G5S_RS02860	WP_013712682.1	648	1-deoxy-D-xylulose-5-phosphate synthase
chr	NC_015408.1	647273	647530	-	29640567	-	G5S_RS02865	WP_013712683.1	85	hypothetical protein
chr	NC_015408.1	647537	647764	-	29640285	-	G5S_RS02870	WP_021757178.1	75	exodeoxyribonuclease VII small subunit
chr	NC_015408.1	647768	649432	-	29640753	-	G5S_RS02875	WP_013712685.1	554	exodeoxyribonuclease VII large subunit
chr	NC_015408.1	649565	650344	+	29641068	-	G5S_RS02880	WP_013712686.1	259	triose-phosphate isomerase
chr	NC_015408.1	650561	650881	+	29640782	-	G5S_RS02885	WP_013712687.1	106	preprotein translocase subunit SecG
chr	NC_015408.1	651153	651713	+	29640385	-	G5S_RS02890	WP_013712688.1	186	peptide deformylase
chr	NC_015408.1	651710	653818	-	29640617	-	G5S_RS02895	WP_013712689.1	702	hypothetical protein
chr	NC_015408.1	653828	655531	-	29640793	-	G5S_RS02900	WP_013712690.1	567	HEAT repeat domain-containing protein
chr	NC_015408.1	655513	656106	-	29640532	-	G5S_RS02905	WP_013712691.1	197	septum formation protein Maf
chr	NC_015408.1	656154	657740	-	29640712	-	G5S_RS02910	WP_013712692.1	528	ABC transporter ATP-binding protein
chr	NC_015408.1	657791	658729	-	29640480	-	G5S_RS02915	WP_013712693.1	312	tyrosine recombinase XerC
chr	NC_015408.1	658774	659694	-	29640421	-	G5S_RS02920	WP_041467085.1	306	ribonuclease Z
chr	NC_015408.1	659783	660559	-	29640225	-	G5S_RS04905	WP_049770605.1	258	hypothetical protein
chr	NC_015408.1	660673	663126	-	29640726	-	G5S_RS02930	WP_013712696.1	817	endopeptidase La
chr	NC_015408.1	663302	663535	-	29640295	-	G5S_RS02935	WP_013712697.1	77	hypothetical protein
chr	NC_015408.1	663534	664178	+	29640438	-	G5S_RS02940	WP_013712698.1	214	tRNA threonylcarbamoyladenosine biosynthesis protein TsaB
chr	NC_015408.1	664354	664530	+	29640942	-	G5S_RS02945	WP_013712699.1	58	30S ribosomal protein S21
chr	NC_015408.1	664565	665743	+	29640364	-	G5S_RS02950	WP_013712700.1	392	molecular chaperone DnaJ
chr	NC_015408.1	665778	667814	+	29640816	-	G5S_RS02955	WP_041467019.1	678	MFS transporter
chr	NC_015408.1	667824	668978	-	29640684	-	G5S_RS02960	WP_013712702.1	384	hypothetical protein
chr	NC_015408.1	669138	670592	-	29641039	-	G5S_RS02965	WP_013712703.1	484	competence protein family
chr	NC_015408.1	670565	671356	+	29640914	-	G5S_RS02970	WP_013712704.1	263	hypothetical protein
chr	NC_015408.1	671325	671675	+	29641096	-	G5S_RS02975	WP_013712705.1	116	HPr family phosphocarrier protein
chr	NC_015408.1	671668	673383	+	29641125	-	G5S_RS02980	WP_013712706.1	571	phosphoenolpyruvate--protein phosphotransferase
chr	NC_015408.1	673380	673670	-	29641086	-	G5S_RS02985	WP_013712707.1	96	YbaB/EbfC family nucleoid-associated protein
chr	NC_015408.1	673677	675002	-	29640370	-	G5S_RS02990	WP_013712708.1	441	DNA polymerase III subunit gamma/tau
chr	NC_015408.1	675191	675565	-	29641140	-	G5S_RS02995	WP_041467020.1	124	hypothetical protein
chr	NC_015408.1	675709	676422	-	29640443	-	G5S_RS03000	WP_013712709.1	237	hydroxymethylbilane synthase
chr	NC_015408.1	676400	677746	-	29641031	-	G5S_RS03005	WP_013712710.1	448	DNA repair protein RadA
chr	NC_015408.1	677730	678425	-	29640526	-	G5S_RS03010	WP_013712711.1	231	ribonuclease III
chr	NC_015408.1	678540	679010	+	29640998	-	G5S_RS03015	WP_013712712.1	156	DUF5070 domain-containing protein
chr	NC_015408.1	679100	680893	+	29640985	-	G5S_RS03020	WP_013712713.1	597	phospho-sugar mutase
chr	NC_015408.1	681054	681677	+	29640620	-	G5S_RS03025	WP_013712714.1	207	superoxide dismutase
chr	NC_015408.1	681756	682664	+	29640588	-	G5S_RS03030	WP_013712715.1	302	acetyl-CoA carboxylase carboxyltransferase subunit beta
chr	NC_015408.1	682722	683165	+	29640643	-	G5S_RS03035	WP_021756530.1	147	dUTP diphosphatase
chr	NC_015408.1	683167	683640	+	29640600	-	G5S_RS03040	WP_013712717.1	157	PTS sugar transporter subunit IIA
chr	NC_015408.1	683645	684325	+	29641000	-	G5S_RS03045	WP_013712718.1	226	helix-turn-helix domain-containing protein
chr	NC_015408.1	684427	685491	+	29641038	-	G5S_RS03050	WP_049770607.1	354	hypothetical protein
chr	NC_015408.1	685635	687185	+	29640718	-	G5S_RS03055	WP_041467021.1	516	hypothetical protein
chr	NC_015408.1	687189	688388	-	29641041	-	G5S_RS04910	WP_049770609.1	399	hypothetical protein
chr	NC_015408.1	688422	688907	-	29640402	-	G5S_RS03065	WP_024010399.1	161	hypothetical protein
chr	NC_015408.1	689008	690093	+	29640400	-	G5S_RS03070	WP_013712724.1	361	tRNA 2-thiouridine(34) synthase MnmA
chr	NC_015408.1	690071	692614	-	29640882	-	G5S_RS03075	WP_013712725.1	847	ATP-dependent Clp protease ATP-binding subunit
chr	NC_015408.1	692817	693536	+	29640976	-	G5S_RS03080	WP_013712726.1	239	lipoate--protein ligase
chr	NC_015408.1	693533	694948	+	29640411	-	G5S_RS03085	WP_013712727.1	471	phosphatidylserine/phosphatidylglycerophosphate/cardiolipin synthase family protein
chr	NC_015408.1	695086	697146	+	29640506	-	G5S_RS03090	WP_013712728.1	686	hypothetical protein
chr	NC_015408.1	697159	697503	+	29641182	-	G5S_RS03095	WP_013712729.1	114	glycine cleavage protein H-like protein
chr	NC_015408.1	697664	697975	+	29640662	-	G5S_RS03100	WP_021756540.1	103	hypothetical protein
chr	NC_015408.1	697979	698308	+	29640327	-	G5S_RS03105	WP_021757206.1	109	hypothetical protein
chr	NC_015408.1	698303	699097	-	29640879	-	G5S_RS03110	WP_013712731.1	264	NADH:ubiquinone reductase (Na(+)-transporting) subunit E
chr	NC_015408.1	699102	699743	-	29640298	-	G5S_RS03115	WP_013712732.1	213	NADH:ubiquinone reductase (Na(+)-transporting) subunit D
chr	NC_015408.1	699740	700702	-	29641027	-	G5S_RS03120	WP_013712733.1	320	NADH:ubiquinone reductase (Na(+)-transporting) subunit C
chr	NC_015408.1	700706	702217	-	29640872	-	G5S_RS03125	WP_013712734.1	503	Na(+)-transporting NADH-quinone reductase subunit B
chr	NC_015408.1	702297	702875	+	29640876	-	G5S_RS04915	WP_049770610.1	192	hypothetical protein
chr	NC_015408.1	702841	703440	-	29640605	-	G5S_RS03135	WP_013712736.1	199	polymer-forming cytoskeletal family protein
chr	NC_015408.1	703456	704808	-	29641036	-	G5S_RS03140	WP_013712737.1	450	chromosomal replication initiator protein DnaA
chr	NC_015408.1	704979	705407	-	29640316	-	G5S_RS03145	WP_013712738.1	142	type III secretion chaperone
chr	NC_015408.1	705413	705967	-	29641143	-	G5S_RS03150	WP_013712739.1	184	hypothetical protein
chr	NC_015408.1	706129	707019	+	29640545	-	G5S_RS03155	WP_013712742.1	296	16S rRNA (cytosine(1402)-N(4))-methyltransferase RsmH
chr	NC_015408.1	707016	707303	+	29640551	-	G5S_RS03160	WP_013712743.1	95	hypothetical protein
chr	NC_015408.1	707290	709233	+	29640503	-	G5S_RS03165	WP_013712744.1	647	penicillin-binding protein 2
chr	NC_015408.1	709451	710902	+	29640613	-	G5S_RS03170	WP_013712745.1	483	UDP-N-acetylmuramoyl-L-alanyl-D-glutamate--2,6-diaminopimelate ligase
chr	NC_015408.1	710895	711569	+	29641071	-	G5S_RS03175	WP_021756549.1	224	N-acetylmuramoyl-L-alanine amidase
chr	NC_015408.1	711933	712235	+	29640483	-	G5S_RS03185	WP_013712747.1	100	HU family DNA-binding protein
chr	NC_015408.1	712362	713546	+	29640535	-	G5S_RS03190	WP_013712748.1	394	hypothetical protein
chr	NC_015408.1	713639	714616	+	29640310	-	G5S_RS03195	WP_013712749.1	325	acetyl-CoA carboxylase carboxyltransferase subunit alpha
chr	NC_015408.1	714582	716489	+	29641148	-	G5S_RS03200	WP_041467089.1	635	ABC transporter ATP-binding protein
chr	NC_015408.1	716512	717186	-	29640250	-	G5S_RS03205	WP_041467022.1	224	hypothetical protein
chr	NC_015408.1	717179	717940	-	29640967	-	G5S_RS03210	WP_013712752.1	253	hypothetical protein
chr	NC_015408.1	717937	718635	-	29640396	-	G5S_RS03215	WP_013712753.1	232	DNA polymerase III subunit epsilon
chr	NC_015408.1	718648	719124	-	29640420	-	G5S_RS03220	WP_013712754.1	158	hypothetical protein
chr	NC_015408.1	719165	719638	-	29640870	-	G5S_RS03225	WP_013712755.1	157	membrane protein
chr	NC_015408.1	719899	720786	+	29640441	-	G5S_RS03230	WP_013712756.1	295	HAD family phosphatase
chr	NC_015408.1	720776	721672	-	29641135	-	G5S_RS03235	WP_013712757.1	298	enoyl
chr	NC_015408.1	721862	723565	+	29641061	-	G5S_RS03240	WP_013712758.1	567	hypothetical protein
chr	NC_015408.1	723804	724052	+	29640929	-	G5S_RS03245	WP_041467023.1	82	hypothetical protein
chr	NC_015408.1	724039	725196	+	29640339	-	G5S_RS03250	WP_041467024.1	385	hypothetical protein
chr	NC_015408.1	725561	727345	+	29640433	-	G5S_RS03255	WP_013712762.1	594	hypothetical protein
chr	NC_015408.1	727361	728188	-	29640610	-	G5S_RS03260	WP_013712763.1	275	RluA family pseudouridine synthase
chr	NC_015408.1	728248	729345	+	29640685	-	G5S_RS03265	WP_013712764.1	365	A/G-specific adenine glycosylase
chr	NC_015408.1	729361	729753	+	29640659	-	G5S_RS03270	WP_013712765.1	130	nucleotide pyrophosphohydrolase
chr	NC_015408.1	729930	730706	-	29641149	-	G5S_RS03275	WP_013712766.1	258	CPBP family intramembrane metalloprotease
chr	NC_015408.1	730723	731379	-	29640278	-	G5S_RS03280	WP_035408919.1	218	hypothetical protein
chr	NC_015408.1	731919	732656	+	29640614	-	G5S_RS03285	WP_021757228.1	245	serine/threonine-protein phosphatase
chr	NC_015408.1	732674	733789	+	29640302	-	G5S_RS03290	WP_013712771.1	371	cysteine desulfurase
chr	NC_015408.1	733784	734998	-	29640319	-	G5S_RS03295	WP_013712772.1	404	HlyC/CorC family transporter
chr	NC_015408.1	734991	736226	-	29640856	-	G5S_RS03300	WP_013712773.1	411	HlyC/CorC family transporter
chr	NC_015408.1	736229	736558	-	29640453	-	G5S_RS03305	WP_013712774.1	109	hypothetical protein
chr	NC_015408.1	736568	737140	-	29641035	-	G5S_RS03310	WP_013712775.1	190	dCTP deaminase
chr	NC_015408.1	737372	738364	+	29640832	-	G5S_RS03315	WP_013712776.1	330	Holliday junction branch migration DNA helicase RuvB
chr	NC_015408.1	738388	739206	+	29641044	-	G5S_RS03320	WP_013712777.1	272	hypothetical protein
chr	NC_015408.1	739199	741181	-	29641100	-	G5S_RS03325	WP_013712778.1	660	glycogen-debranching protein
chr	NC_015408.1	741314	741814	+	29640607	-	G5S_RS03330	WP_013712779.1	166	type III secretion chaperone Slc1
chr	NC_015408.1	741946	742437	+	29640304	-	G5S_RS03335	WP_013712780.1	163	single-stranded DNA-binding protein
chr	NC_015408.1	742481	743974	+	29640456	-	G5S_RS03340	WP_013712781.1	497	leucyl aminopeptidase
chr	NC_015408.1	744113	744685	+	29640736	-	G5S_RS03345	WP_013712782.1	190	histone
chr	NC_015408.1	744841	745779	+	29640429	-	G5S_RS03350	WP_013712783.1	312	hypothetical protein
chr	NC_015408.1	745776	746489	+	29640502	-	G5S_RS03355	WP_013712784.1	237	SAM-dependent methyltransferase
chr	NC_015408.1	746495	747616	-	29640474	-	G5S_RS03360	WP_013712785.1	373	radical SAM family heme chaperone HemW
chr	NC_015408.1	747606	748055	-	29640372	-	G5S_RS03365	WP_013712786.1	149	hypothetical protein
chr	NC_015408.1	748200	750914	+	29640946	-	G5S_RS03370	WP_041467025.1	904	2-oxoglutarate dehydrogenase E1 component
chr	NC_015408.1	750918	751994	+	29641064	-	G5S_RS03375	WP_013712788.1	358	hypothetical protein
chr	NC_015408.1	752003	752737	-	29640939	-	G5S_RS03380	WP_013712789.1	244	peptidoglycan editing factor PgeF
chr	NC_015408.1	752753	754555	-	29641005	-	G5S_RS03385	WP_013712790.1	600	4-hydroxy-3-methylbut-2-en-1-yl diphosphate synthase
chr	NC_015408.1	754757	755215	-	29640791	-	G5S_RS03390	WP_013712791.1	152	hypothetical protein
chr	NC_015408.1	755322	756455	-	29640496	-	G5S_RS04920	WP_013712792.1	377	macro domain-containing protein
chr	NC_015408.1	756500	756793	-	29640990	-	G5S_RS03400	WP_013712793.1	97	hypothetical protein
chr	NC_015408.1	757066	757341	-	29640239	-	G5S_RS03405	WP_013712795.1	91	(2Fe-2S)-binding protein
chr	NC_015408.1	757558	759354	+	29640244	-	G5S_RS03415	WP_013712796.1	598	type III secretion system protein
chr	NC_015408.1	759459	760229	+	29640321	-	G5S_RS03420	WP_013712798.1	256	FliA/WhiG family RNA polymerase sigma factor
chr	NC_015408.1	760212	760511	-	29640217	-	G5S_RS03425	WP_024010425.1	99	hypothetical protein
chr	NC_015408.1	760631	761869	+	29641093	-	G5S_RS03430	WP_013712800.1	412	tyrosine--tRNA ligase
chr	NC_015408.1	761886	763331	+	29640639	-	G5S_RS03435	WP_041467026.1	481	decarboxylating NADP(+)-dependent phosphogluconate dehydrogenase
chr	NC_015408.1	763337	765148	-	29640862	-	G5S_RS03440	WP_013712802.1	603	elongation factor 4
chr	NC_015408.1	765370	766671	+	29641106	-	G5S_RS03445	WP_013712804.1	433	DUF1389 domain-containing protein
chr	NC_015408.1	766801	768108	+	29640512	-	G5S_RS03450	WP_013712806.1	435	DUF1389 domain-containing protein
chr	NC_015408.1	768205	769806	-	29640623	-	G5S_RS03455	WP_013712807.1	533	NTP/NDP exchange transporter Npt1
chr	NC_015408.1	769958	770464	-	29640205	-	G5S_RS03460	WP_013712808.1	168	hypothetical protein
chr	NC_015408.1	770893	771867	+	29640519	-	G5S_RS03465	WP_013712809.1	324	hypothetical protein
chr	NC_015408.1	771860	772639	+	29641116	-	G5S_RS03470	WP_013712810.1	259	metal ABC transporter ATP-binding protein
chr	NC_015408.1	772641	773990	+	29640671	-	G5S_RS03475	WP_013712811.1	449	iron ABC transporter
chr	NC_015408.1	773993	774946	+	29641168	-	G5S_RS03480	WP_013712812.1	317	metal ABC transporter permease
chr	NC_015408.1	775013	776152	+	29640675	-	G5S_RS03485	WP_013712813.1	379	1-deoxy-D-xylulose-5-phosphate reductoisomerase
chr	NC_015408.1	776161	778023	+	29641017	-	G5S_RS03490	WP_013712814.1	620	RIP metalloprotease
chr	NC_015408.1	778013	778951	-	29640520	-	G5S_RS03495	WP_013712815.1	312	alpha/beta hydrolase
chr	NC_015408.1	779089	780165	-	29640315	-	G5S_RS03500	WP_013712816.1	358	DNA replication/repair protein RecF
chr	NC_015408.1	780165	781268	-	29640913	-	G5S_RS03505	WP_013712817.1	367	DNA polymerase III subunit beta
chr	NC_015408.1	781488	781940	+	29640423	-	G5S_RS03510	WP_013712818.1	150	SsrA-binding protein SmpB
chr	NC_015408.1	781921	782862	-	29641123	-	G5S_RS03515	WP_013712819.1	313	FAD:protein FMN transferase
chr	NC_015408.1	782832	783695	-	29640690	-	G5S_RS03520	WP_013712820.1	287	bifunctional 5,10-methylene-tetrahydrofolate dehydrogenase/5,10-methylene-tetrahydrofolate cyclohydrolase
chr	NC_015408.1	783686	784198	-	29640369	-	G5S_RS03525	WP_013712821.1	170	hypothetical protein
chr	NC_015408.1	784433	784732	+	29640866	-	G5S_RS03530	WP_013712822.1	99	hypothetical protein
chr	NC_015408.1	785127	786887	+	29640257	-	G5S_RS03535	WP_013712824.1	586	hypothetical protein
chr	NC_015408.1	786896	787396	+	29640986	-	G5S_RS03540	WP_013712825.1	166	hypothetical protein
chr	NC_015408.1	787406	788446	-	29640878	-	G5S_RS03545	WP_013712826.1	346	phospholipase D
chr	NC_015408.1	788538	790277	-	29640755	-	G5S_RS03550	WP_013712827.1	579	menaquinone biosynthesis decarboxylase
chr	NC_015408.1	790314	790583	-	29640425	-	G5S_RS03555	WP_013712828.1	89	50S ribosomal protein L28
chr	NC_015408.1	790747	792321	-	29640276	-	G5S_RS03560	WP_041467028.1	524	4-alpha-glucanotransferase
chr	NC_015408.1	792328	792771	-	29640924	-	G5S_RS03565	WP_013712832.1	147	type III secretion protein
chr	NC_015408.1	792775	793965	-	29640251	-	G5S_RS03570	WP_013712833.1	396	YopN family type III secretion system gatekeeper subunit
chr	NC_015408.1	793995	796127	-	29640821	-	G5S_RS03575	WP_013712834.1	710	EscV/YscV/HrcV family type III secretion system export apparatus protein
chr	NC_015408.1	796127	797206	-	29640318	-	G5S_RS03580	WP_013712835.1	359	EscU/YscU/HrcU family type III secretion system export apparatus switch protein
chr	NC_015408.1	797484	798578	+	29640746	-	G5S_RS03585	WP_013712836.1	364	redox-regulated ATPase YchF
chr	NC_015408.1	798575	799471	-	29640850	-	G5S_RS03590	WP_021756607.1	298	bifunctional riboflavin kinase/FAD synthetase
chr	NC_015408.1	799455	800162	-	29641126	-	G5S_RS03595	WP_013712838.1	235	tRNA pseudouridine(55) synthase TruB
chr	NC_015408.1	800207	800566	-	29641124	-	G5S_RS03600	WP_013712839.1	119	MULTISPECIES: 30S ribosome-binding factor RbfA
chr	NC_015408.1	800577	803213	-	29641063	-	G5S_RS03605	WP_013712840.1	878	translation initiation factor IF-2
chr	NC_015408.1	803170	804477	-	29641067	-	G5S_RS03610	WP_013712841.1	435	transcription termination/antitermination protein NusA
chr	NC_015408.1	804546	806288	-	29640565	-	G5S_RS03615	WP_013712842.1	580	30S ribosomal protein S1
chr	NC_015408.1	806457	807392	+	29640577	-	G5S_RS03620	WP_013712843.1	311	thioredoxin-disulfide reductase
chr	NC_015408.1	807384	807752	-	29640593	-	G5S_RS03625	WP_013712844.1	122	holo-ACP synthase
chr	NC_015408.1	807773	808216	-	29640261	-	G5S_RS03630	WP_013712845.1	147	hypothetical protein
chr	NC_015408.1	808288	809157	+	29640387	-	G5S_RS03635	WP_013712846.1	289	prolipoprotein diacylglyceryl transferase
chr	NC_015408.1	809256	811637	+	29640218	-	G5S_RS03640	WP_041467029.1	793	membrane protein insertase YidC
chr	NC_015408.1	811703	813088	+	29641040	-	G5S_RS03645	WP_013712848.1	461	chromosomal replication initiator protein DnaA
chr	NC_015408.1	813095	813496	-	29640350	-	G5S_RS03650	WP_013712849.1	133	hypothetical protein
chr	NC_015408.1	813717	816188	+	29640252	-	G5S_RS03655	WP_041467030.1	823	glycogen/starch/alpha-glucan phosphorylase
chr	NC_015408.1	816200	817483	-	29641078	-	G5S_RS03660	WP_041467031.1	427	pyruvate dehydrogenase complex dihydrolipoamide acetyltransferase
chr	NC_015408.1	817490	818476	-	29641034	-	G5S_RS03665	WP_013712852.1	328	alpha-ketoacid dehydrogenase subunit beta
chr	NC_015408.1	818469	819494	-	29640722	-	G5S_RS03670	WP_041467032.1	341	pyruvate dehydrogenase
chr	NC_015408.1	819654	820682	+	29640542	-	G5S_RS03675	WP_013712854.1	342	hypothetical protein
chr	NC_015408.1	820686	821768	-	29641019	-	G5S_RS03680	WP_013712855.1	360	UDP-3-O-(3-hydroxymyristoyl)glucosamine N-acyltransferase
chr	NC_015408.1	821790	822305	-	29640790	-	G5S_RS03685	WP_013712856.1	171	OmpH family outer membrane protein
chr	NC_015408.1	822385	824745	-	29640825	-	G5S_RS03690	WP_041467033.1	786	outer membrane protein assembly factor BamA
chr	NC_015408.1	824925	825533	-	29640840	-	G5S_RS03695	WP_021757272.1	202	recombination protein RecR
chr	NC_015408.1	825651	826646	+	29640653	-	G5S_RS03700	WP_013712860.1	331	ketoacyl-ACP synthase III
chr	NC_015408.1	826655	827572	+	29641057	-	G5S_RS03705	WP_013712861.1	305	[acyl-carrier-protein] S-malonyltransferase [Chlamydia pecorum]
chr	NC_015408.1	827577	828320	+	29640323	-	G5S_RS03710	WP_041467034.1	247	3-oxoacyl-ACP reductase FabG
chr	NC_015408.1	828432	828671	+	29640700	-	G5S_RS03715	WP_013712863.1	79	acyl carrier protein
chr	NC_015408.1	828764	829198	-	29640916	-	G5S_RS03720	WP_013712864.1	144	cyclic nucleotide-binding domain-containing protein
chr	NC_015408.1	829220	831997	-	29641074	-	G5S_RS03725	WP_013712866.1	925	membrane protein
chr	NC_015408.1	832780	833232	-	29640481	-	G5S_RS03735	WP_013712868.1	150	hypothetical protein
chr	NC_015408.1	833327	834799	-	29640849	-	G5S_RS03740	WP_013712869.1	490	sodium-dependent transporter
chr	NC_015408.1	834826	836022	-	29640975	-	G5S_RS03745	WP_013712870.1	398	dicarboxylate/amino acid:cation symporter
chr	NC_015408.1	836116	837204	+	29640591	-	G5S_RS03750	WP_013712871.1	362	hypothetical protein
chr	NC_015408.1	837453	839567	+	29640365	-	G5S_RS03755	WP_041467094.1	704	tetratricopeptide repeat family protein
chr	NC_015408.1	839594	841006	+	29640678	-	G5S_RS03760	WP_013712874.1	470	magnesium transporter
chr	NC_015408.1	841240	842598	+	29640299	-	G5S_RS03765	WP_041467035.1	452	hypothetical protein
chr	NC_015408.1	842620	844023	-	29640963	-	G5S_RS03770	WP_013712876.1	467	amino acid permease
chr	NC_015408.1	844043	845092	-	29640944	-	G5S_RS03775	WP_013712877.1	349	class I fructose-bisphosphate aldolase
chr	NC_015408.1	845255	846892	+	29641144	-	G5S_RS03780	WP_013712878.1	545	hypothetical protein
chr	NC_015408.1	846967	848031	+	29641141	-	G5S_RS03785	WP_013712879.1	354	methionine ABC transporter ATP-binding protein
chr	NC_015408.1	848036	848701	+	29640210	-	G5S_RS03790	WP_013712880.1	221	ABC transporter permease
chr	NC_015408.1	848698	849525	+	29640920	-	G5S_RS03795	WP_013712881.1	275	methionine-binding protein
chr	NC_015408.1	849534	849953	+	29640349	-	G5S_RS04925	WP_021757286.1	139	hypothetical protein
chr	NC_015408.1	850024	850710	+	29640465	-	G5S_RS03805	WP_041467037.1	228	hypothetical protein
chr	NC_015408.1	850831	851169	+	29640788	-	G5S_RS03810	WP_013712883.1	112	DUF721 domain-containing protein
chr	NC_015408.1	851173	853578	+	29641069	-	G5S_RS03815	WP_013712884.1	801	DNA topoisomerase (ATP-hydrolyzing) subunit B
chr	NC_015408.1	853593	856082	+	29640742	-	G5S_RS03820	WP_013712885.1	829	DNA topoisomerase (ATP-hydrolyzing) subunit A
chr	NC_015408.1	856094	856714	+	29640322	-	G5S_RS03825	WP_013712886.1	206	dTMP kinase
chr	NC_015408.1	856705	857583	+	29640463	-	G5S_RS03830	WP_013712887.1	292	DNA polymerase III subunit delta\'
chr	NC_015408.1	857588	858316	-	29640635	-	G5S_RS03835	WP_013712888.1	242	hydrolase
chr	NC_015408.1	858518	859390	+	29640778	-	G5S_RS03840	WP_013712890.1	290	Sua5/YciO/YrdC/YwlC family protein
chr	NC_015408.1	859387	860349	+	29640290	-	G5S_RS03845	WP_024010909.1	320	dipeptidase
chr	NC_015408.1	860378	860908	-	29640905	-	G5S_RS03850	WP_013712892.1	176	hypothetical protein
chr	NC_015408.1	860988	861962	-	29640959	-	G5S_RS03855	WP_013712893.1	324	hypothetical protein
chr	NC_015408.1	862286	863203	+	29640398	-	G5S_RS03860	WP_080557003.1	305	hypothetical protein
chr	NC_015408.1	863207	863785	+	29640346	-	G5S_RS03865	WP_013712895.1	192	UbiX family flavin prenyltransferase
chr	NC_015408.1	863789	864682	-	29640248	-	G5S_RS03870	WP_021756648.1	297	YitT family protein
chr	NC_015408.1	864952	865785	-	29641153	-	G5S_RS03885	WP_013712897.1	277	5\'/3\'-nucleotidase SurE
chr	NC_015408.1	865831	866574	-	29640494	-	G5S_RS03890	WP_013712898.1	247	tRNA 2-thiocytidine biosynthesis protein TtcA
chr	NC_015408.1	866700	867197	+	29641169	-	G5S_RS03895	WP_013712899.1	165	protein translocase subunit
chr	NC_015408.1	867571	868410	+	29640504	-	G5S_RS03910	WP_013712901.1	279	hypothetical protein
chr	NC_015408.1	868407	869252	+	29640855	-	G5S_RS03915	WP_024010910.1	281	hypothetical protein
chr	NC_015408.1	869254	870090	+	29641023	-	G5S_RS03920	WP_013712903.1	278	hypothetical protein
chr	NC_015408.1	870111	871490	-	29641161	-	G5S_RS03925	WP_041467095.1	459	30S ribosomal protein S12 methylthiotransferase RimO
chr	NC_015408.1	871588	871746	+	29641167	-	G5S_RS03930	WP_013712905.1	52	50S ribosomal protein L33
chr	NC_015408.1	871801	873306	+	29640817	-	G5S_RS03935	WP_013712907.1	501	ABC transporter permease
chr	NC_015408.1	873309	873980	+	29640982	-	G5S_RS03940	WP_013712908.1	223	ABC transporter ATP-binding protein
chr	NC_015408.1	874110	874559	+	29640586	-	G5S_RS03945	WP_013712909.1	149	50S ribosomal protein L13
chr	NC_015408.1	874573	874974	+	29640799	-	G5S_RS03950	WP_013712910.1	133	30S ribosomal protein S9
chr	NC_015408.1	875013	875876	-	29640865	-	G5S_RS03955	WP_021757310.1	287	peptidoglycan endopeptidase
chr	NC_015408.1	875894	876535	-	29640744	-	G5S_RS03960	WP_013712913.1	213	nucleoside monophosphate kinase
chr	NC_015408.1	876786	877256	+	29640994	-	G5S_RS03965	WP_013712914.1	156	hypothetical protein
chr	NC_015408.1	877487	877921	+	29640259	-	G5S_RS03970	WP_024010911.1	144	hypothetical protein
chr	NC_015408.1	878325	879476	+	29640844	-	G5S_RS03975	WP_013712915.1	383	hypothetical protein
chr	NC_015408.1	879505	880278	-	29641072	-	G5S_RS03980	WP_013712916.1	257	6-phosphogluconolactonase
chr	NC_015408.1	880295	881830	-	29640770	-	G5S_RS03985	WP_013712917.1	511	glucose-6-phosphate dehydrogenase
chr	NC_015408.1	881935	882375	-	29640212	-	G5S_RS03990	WP_013712918.1	146	Holliday junction resolvase RuvX
chr	NC_015408.1	882368	883981	-	29640777	pyrG	G5S_RS03995	WP_013712919.1	537	CTP synthase
chr	NC_015408.1	883957	884721	-	29641132	-	G5S_RS04000	WP_021756668.1	254	3-deoxy-manno-octulosonate cytidylyltransferase
chr	NC_015408.1	884895	885584	+	29640843	-	G5S_RS04005	WP_013712921.1	229	hypothetical protein
chr	NC_015408.1	885795	886691	+	29640579	-	G5S_RS04010	WP_013712922.1	298	5\'-methylthioadenosine nucleosidase
chr	NC_015408.1	886957	887658	+	29640337	-	G5S_RS04025	WP_013712923.1	233	ABC transporter ATP-binding protein
chr	NC_015408.1	887655	888359	+	29640820	-	G5S_RS04030	WP_024010480.1	234	hypothetical protein
chr	NC_015408.1	888366	889595	-	29640466	-	G5S_RS04035	WP_013712925.1	409	membrane protein
chr	NC_015408.1	889787	890485	+	29640484	-	G5S_RS04040	WP_021757332.1	232	DsbA family protein
chr	NC_015408.1	890478	890882	+	29640848	-	G5S_RS04045	WP_013712928.1	134	disulfide bond formation protein B
chr	NC_015408.1	891053	892171	-	29640594	-	G5S_RS04050	WP_013712929.1	372	tRNA-guanosine(34) transglycosylase
chr	NC_015408.1	892381	892863	+	29640351	-	G5S_RS04055	WP_013712930.1	160	hypothetical protein
chr	NC_015408.1	892834	893529	-	29640973	-	G5S_RS04060	WP_013712931.1	231	hypothetical protein
chr	NC_015408.1	893770	894813	-	29640366	-	G5S_RS04065	WP_013712932.1	347	DUF648 domain-containing protein
chr	NC_015408.1	895198	895614	-	29640479	-	G5S_RS04070	WP_024010915.1	138	hypothetical protein
chr	NC_015408.1	895806	896546	-	29640303	-	G5S_RS04075	WP_041467039.1	246	hypothetical protein
chr	NC_015408.1	896863	897264	-	29640871	-	G5S_RS04080	WP_013712935.1	133	hypothetical protein
chr	NC_015408.1	897456	898523	+	29641015	-	G5S_RS04085	WP_013712936.1	355	guanosine monophosphate reductase
chr	NC_015408.1	898544	900085	+	29640589	-	G5S_RS04090	WP_013712937.1	513	glutamine-hydrolyzing GMP synthase
chr	NC_015408.1	900088	901461	+	29640571	-	G5S_RS04095	WP_013712938.1	457	adenosine deaminase
chr	NC_015408.1	901783	904137	-	29640354	-	G5S_RS04100	WP_013712939.1	784	MAC/perforin family protein
chr	NC_015408.1	904394	904717	-	29640606	-	G5S_RS04105	WP_041467040.1	107	hypothetical protein
chr	NC_015408.1	904932	906254	-	29640382	-	G5S_RS04110	WP_080557005.1	440	hypothetical protein
chr	NC_015408.1	906479	907729	-	29641097	-	G5S_RS04115	WP_013712941.1	416	phospholipase
chr	NC_015408.1	908257	918390	+	29640784	-	G5S_RS04125	WP_013712944.1	3377	LifA/Efa1-related large cytotoxin
chr	NC_015408.1	918462	919652	-	29640948	-	G5S_RS04130	WP_013712945.1	396	phospholipase
chr	NC_015408.1	920056	921324	-	29640941	-	G5S_RS04135	WP_080557006.1	422	phospholipase
chr	NC_015408.1	921788	932104	+	29640340	-	G5S_RS04140	WP_013712951.1	3438	LifA/Efa1-related large cytotoxin
chr	NC_015408.1	932133	933443	-	29640208	-	G5S_RS04145	WP_013712952.1	436	phospholipase D family protein
chr	NC_015408.1	933639	934742	-	29640761	-	G5S_RS04150	WP_041467042.1	367	hypothetical protein
chr	NC_015408.1	934771	935682	-	29640665	-	G5S_RS04155	WP_013712953.1	303	hypothetical protein
chr	NC_015408.1	935676	936434	-	29640445	-	G5S_RS04160	WP_041467043.1	252	DUF648 domain-containing protein
chr	NC_015408.1	936461	937291	-	29640954	-	G5S_RS04165	WP_013712955.1	276	DUF648 domain-containing protein
chr	NC_015408.1	937766	939121	-	29640995	-	G5S_RS04170	WP_013712956.1	451	acetyl-CoA carboxylase biotin carboxylase subunit
chr	NC_015408.1	939124	939618	-	29640544	-	G5S_RS04175	WP_013712957.1	164	acetyl-CoA carboxylase biotin carboxyl carrier protein
chr	NC_015408.1	939640	940197	-	29641056	-	G5S_RS04180	WP_013712958.1	185	elongation factor P
chr	NC_015408.1	940201	940839	-	29641131	-	G5S_RS04185	WP_042280604.1	212	ribulose-phosphate 3-epimerase
chr	NC_015408.1	941202	942182	+	29640249	-	G5S_RS04190	WP_013712961.1	326	hypothetical protein
chr	NC_015408.1	942316	943110	+	29641006	-	G5S_RS04195	WP_013712962.1	264	class I SAM-dependent methyltransferase
chr	NC_015408.1	943186	944478	+	29640650	-	G5S_RS04200	WP_013712963.1	430	YihY/virulence factor BrkB family protein
chr	NC_015408.1	944475	947885	+	29640636	-	G5S_RS04205	WP_013712964.1	1136	hypothetical protein
chr	NC_015408.1	947970	949247	+	29640477	-	G5S_RS04210	WP_013712965.1	425	hypothetical protein
chr	NC_015408.1	949244	949936	-	29640416	-	G5S_RS04215	WP_013712966.1	230	amino acid ABC transporter ATP-binding protein
chr	NC_015408.1	949933	950577	-	29640729	-	G5S_RS04220	WP_021757364.1	214	amino acid ABC transporter permease
chr	NC_015408.1	950621	951064	-	29640289	-	G5S_RS04225	WP_013712968.1	147	arginine repressor
chr	NC_015408.1	951148	952182	+	29640271	-	G5S_RS04230	WP_041467044.1	344	tRNA (adenosine(37)-N6)-threonylcarbamoyltransferase complex transferase subunit TsaD
chr	NC_015408.1	952128	953717	+	29640611	-	G5S_RS04235	WP_041467100.1	529	peptide ABC transporter substrate-binding protein
chr	NC_015408.1	953868	955466	+	29640638	-	G5S_RS04240	WP_013712971.1	532	peptide ABC transporter substrate-binding protein
chr	NC_015408.1	955516	956838	+	29641133	-	G5S_RS04245	WP_013712972.1	440	peptide ABC transporter substrate-binding protein
chr	NC_015408.1	957006	958691	+	29641028	-	G5S_RS04250	WP_013712973.1	561	peptide ABC transporter substrate-binding protein
chr	NC_015408.1	958815	959825	+	29640356	-	G5S_RS04255	WP_041467102.1	336	ABC transporter permease
chr	NC_015408.1	959861	960715	+	29640232	-	G5S_RS04260	WP_013712975.1	284	ABC transporter permease
chr	NC_015408.1	960708	961556	+	29640511	-	G5S_RS04265	WP_013712976.1	282	ABC transporter ATP-binding protein
chr	NC_015408.1	961561	962355	+	29640910	-	G5S_RS04270	WP_013712977.1	264	ABC transporter ATP-binding protein
chr	NC_015408.1	963469	964881	+	29640661	-	G5S_RS04280	WP_013712980.1	470	anion permease
chr	NC_015408.1	964974	966629	+	29640646	-	G5S_RS04285	WP_013712982.1	551	diphosphate--fructose-6-phosphate 1-phosphotransferase
chr	NC_015408.1	966771	967547	+	29640670	-	G5S_RS04290	WP_049770632.1	258	alpha/beta hydrolase
chr	NC_015408.1	967550	969163	+	29640543	-	G5S_RS04295	WP_013712984.1	537	diphosphate--fructose-6-phosphate 1-phosphotransferase
chr	NC_015408.1	969429	970751	-	29640306	-	G5S_RS04310	WP_041467046.1	440	3-deoxy-D-manno-octulosonic acid transferase
chr	NC_015408.1	970748	973210	-	29640737	-	G5S_RS04315	WP_013712986.1	820	leucine--tRNA ligase
chr	NC_015408.1	973424	974368	+	29640852	-	G5S_RS04320	WP_013712987.1	314	alpha/beta hydrolase
chr	NC_015408.1	974471	975979	+	29641024	-	G5S_RS04325	WP_013712988.1	502	FAD-dependent monooxygenase
chr	NC_015408.1	975944	980242	-	29640999	-	G5S_RS04330	WP_013712989.1	1432	hypothetical protein
chr	NC_015408.1	980396	982396	-	29640857	-	G5S_RS04335	WP_013712990.1	666	NAD-dependent DNA ligase LigA
chr	NC_015408.1	982375	984228	-	29640860	-	G5S_RS04340	WP_013712991.1	617	serine/threonine protein kinase
chr	NC_015408.1	984401	984910	-	29640781	-	G5S_RS04935	WP_049770617.1	169	hypothetical protein
chr	NC_015408.1	985158	986645	-	29640807	-	G5S_RS04350	WP_013712996.1	495	hypothetical protein
chr	NC_015408.1	986940	988070	+	29640470	-	G5S_RS04355	WP_013712999.1	376	aminopeptidase
chr	NC_015408.1	988075	990678	-	29640375	-	G5S_RS04360	WP_013713000.1	867	AAA family ATPase
chr	NC_015408.1	990746	991489	-	29640836	-	G5S_RS04365	WP_024010526.1	247	MCE family protein
chr	NC_015408.1	991551	992303	-	29640877	-	G5S_RS04370	WP_013713002.1	250	ATP-binding cassette domain-containing protein
chr	NC_015408.1	992307	993083	-	29641165	-	G5S_RS04375	WP_041467105.1	258	ABC transporter permease
chr	NC_015408.1	993103	994392	-	29640656	-	G5S_RS04380	WP_013713004.1	429	glutamate-1-semialdehyde-2,1-aminomutase
chr	NC_015408.1	994476	995045	-	29641037	-	G5S_RS04385	WP_013713005.1	189	YqgE/AlgH family protein
chr	NC_015408.1	995070	995546	-	29640794	-	G5S_RS04390	WP_013713006.1	158	hypothetical protein
chr	NC_015408.1	995543	996244	-	29640404	-	G5S_RS04395	WP_013713007.1	233	ribose 5-phosphate isomerase A
chr	NC_015408.1	996485	997240	+	29641085	-	G5S_RS04400	WP_013713009.1	251	Nif3-like dinuclear metal center hexameric protein
chr	NC_015408.1	997327	999162	+	29640549	-	G5S_RS04405	WP_041467106.1	611	oligoendopeptidase F
chr	NC_015408.1	999285	999593	+	29640642	-	G5S_RS04410	WP_013713012.1	102	co-chaperone GroES
chr	NC_015408.1	999633	1001270	+	29640885	-	G5S_RS04415	WP_013713013.1	545	chaperonin GroEL
chr	NC_015408.1	1001407	1002177	+	29640384	-	G5S_RS04420	WP_013713014.1	256	hypothetical protein
chr	NC_015408.1	1002374	1003507	+	29640234	-	G5S_RS04430	WP_013713015.1	377	hypothetical protein
chr	NC_015408.1	1003511	1004278	-	29640691	-	G5S_RS04435	WP_013713016.1	255	hypothetical protein
chr	NC_015408.1	1004384	1005397	+	29640439	-	G5S_RS04440	WP_013713017.1	337	DMT family transporter
chr	NC_015408.1	1005498	1007723	+	29640743	-	G5S_RS04445	WP_013713018.1	741	ATP-dependent RecD-like DNA helicase
chr	NC_015408.1	1007793	1009439	-	29640500	-	G5S_RS04450	WP_013713019.1	548	methionine--tRNA ligase
chr	NC_015408.1	1009445	1009738	-	29640270	-	G5S_RS04455	WP_013713021.1	97	hypothetical protein
chr	NC_015408.1	1009735	1010349	-	29640328	-	G5S_RS04460	WP_013713022.1	204	guanylate kinase
chr	NC_015408.1	1010346	1010975	-	29641059	-	G5S_RS04465	WP_013713023.1	209	ribonuclease HII
chr	NC_015408.1	1011052	1011420	-	29640348	-	G5S_RS04470	WP_013713024.1	122	50S ribosomal protein L19
chr	NC_015408.1	1011445	1012515	-	29640444	-	G5S_RS04475	WP_013713025.1	356	tRNA (guanosine(37)-N1)-methyltransferase TrmD
chr	NC_015408.1	1012527	1012883	-	29640679	-	G5S_RS04480	WP_013713026.1	118	30S ribosomal protein S16
chr	NC_015408.1	1012874	1014223	-	29640681	-	G5S_RS04485	WP_013713027.1	449	signal recognition particle protein
chr	NC_015408.1	1014266	1015105	-	29640771	-	G5S_RS04490	WP_041467047.1	279	peptide chain release factor N(5)-glutamine methyltransferase
chr	NC_015408.1	1015083	1016174	-	29641137	-	G5S_RS04495	WP_013713030.1	363	peptide chain release factor 1
chr	NC_015408.1	1016341	1016658	-	29640448	-	G5S_RS04500	WP_013713031.1	105	type B 50S ribosomal protein L31
chr	NC_015408.1	1016740	1017492	+	29640809	-	G5S_RS04505	WP_013713032.1	250	hypothetical protein
chr	NC_015408.1	1017654	1019564	+	29640331	-	G5S_RS04510	WP_013713033.1	636	signal peptidase I
chr	NC_015408.1	1019527	1022727	-	29640764	-	G5S_RS04515	WP_013713034.1	1066	isoleucine--tRNA ligase
chr	NC_015408.1	1023361	1023858	+	29640229	-	G5S_RS04520	WP_021757407.1	165	hypothetical protein
chr	NC_015408.1	1023871	1025163	-	29640336	-	G5S_RS04525	WP_013713036.1	430	PhoH family protein
chr	NC_015408.1	1025409	1026146	+	29640956	-	G5S_RS04530	WP_013713037.1	245	hypothetical protein
chr	NC_015408.1	1026299	1027525	+	29641164	-	G5S_RS04535	WP_013713038.1	408	hypothetical protein
chr	NC_015408.1	1027547	1028581	-	29640699	-	G5S_RS04540	WP_013713039.1	344	cytochrome d ubiquinol oxidase subunit II
chr	NC_015408.1	1028597	1029940	-	29640780	-	G5S_RS04545	WP_013713040.1	447	cytochrome ubiquinol oxidase subunit I
chr	NC_015408.1	1030113	1030910	+	29640830	-	G5S_RS04550	WP_013713041.1	265	TIGR00159 family protein
chr	NC_015408.1	1030910	1032163	+	29640758	-	G5S_RS04555	WP_013713042.1	417	hypothetical protein
chr	NC_015408.1	1032266	1032583	+	29640371	-	G5S_RS04560	WP_049770621.1	105	hypothetical protein
chr	NC_015408.1	1032661	1034022	+	29640935	-	G5S_RS04565	WP_021756760.1	453	lipid A biosynthesis lauroyl acyltransferase
chr	NC_015408.1	1034019	1035470	-	29640763	-	G5S_RS04570	WP_013713045.1	483	pyruvate kinase
chr	NC_015408.1	1035690	1041083	+	29641010	-	G5S_RS04575	WP_013713046.1	1797	excinuclease ABC subunit A
chr	NC_015408.1	1041080	1043875	-	29640215	pknD	G5S_RS04580	WP_013713047.1	931	serine/threonine protein kinase
chr	NC_015408.1	1043892	1046714	-	29641172	-	G5S_RS04585	WP_013713048.1	940	valine--tRNA ligase
chr	NC_015408.1	1046774	1047289	-	29640811	-	G5S_RS04590	WP_021757417.1	171	hypothetical protein
chr	NC_015408.1	1047222	1047647	-	29640869	-	G5S_RS04595	WP_021756765.1	141	ATP synthase subunit C
chr	NC_015408.1	1047743	1049686	-	29640651	-	G5S_RS04600	WP_013713050.1	647	V-type ATP synthase subunit I
chr	NC_015408.1	1049677	1050303	-	29640739	-	G5S_RS04605	WP_013713051.1	208	V-type ATP synthase subunit D
chr	NC_015408.1	1050288	1051604	-	29640246	-	G5S_RS04610	WP_013713052.1	438	V-type ATP synthase subunit B
chr	NC_015408.1	1051609	1053384	-	29640442	-	G5S_RS04615	WP_013713053.1	591	V-type ATP synthase subunit A
chr	NC_015408.1	1053378	1054178	-	29640603	-	G5S_RS04620	WP_013713054.1	266	DUF2764 family protein
chr	NC_015408.1	1054229	1054855	-	29640320	-	G5S_RS04625	WP_013713055.1	208	V-type ATP synthase subunit E
chr	NC_015408.1	1054975	1055730	+	29640584	-	G5S_RS04630	WP_013713056.1	251	hypothetical protein
chr	NC_015408.1	1055727	1056113	-	29640795	-	G5S_RS04635	WP_013713057.1	128	hypothetical protein
chr	NC_015408.1	1056177	1057160	-	29640687	-	G5S_RS04640	WP_013713058.1	327	transaldolase
chr	NC_015408.1	1057269	1061450	-	29640560	-	G5S_RS04645	WP_013713059.1	1393	DNA-directed RNA polymerase subunit beta\'
chr	NC_015408.1	1061474	1065232	-	29640326	-	G5S_RS04650	WP_013713060.1	1252	DNA-directed RNA polymerase subunit beta
chr	NC_015408.1	1065367	1065762	-	29640355	-	G5S_RS04655	WP_013713062.1	131	50S ribosomal protein L7/L12
chr	NC_015408.1	1065795	1066313	-	29640492	-	G5S_RS04660	WP_013713063.1	172	50S ribosomal protein L10
chr	NC_015408.1	1066329	1067027	-	29641079	-	G5S_RS04665	WP_013713064.1	232	50S ribosomal protein L1
chr	NC_015408.1	1067055	1067480	-	29641092	-	G5S_RS04670	WP_013713065.1	141	50S ribosomal protein L11
chr	NC_015408.1	1067585	1068133	-	29640648	-	G5S_RS04675	WP_013713066.1	182	transcription termination/antitermination protein NusG
chr	NC_015408.1	1068137	1068388	-	29640640	-	G5S_RS04680	WP_013713067.1	83	MULTISPECIES: preprotein translocase subunit SecE
chr	NC_015408.1	1068549	1069733	-	29640774	-	G5S_RS04690	WP_013713068.1	394	MULTISPECIES: elongation factor Tu
chr	NC_015408.1	1069927	1070148	-	29640714	-	G5S_RS04700	WP_013713069.1	73	translation initiation factor IF-1
chr	NC_015408.1	1070441	1071418	+	29641102	-	G5S_RS04705	WP_041467048.1	325	hypothetical protein
chr	NC_015408.1	1071422	1071877	+	29641022	-	G5S_RS04710	WP_013713071.1	151	Fe-S metabolism protein SufE
chr	NC_015408.1	1072031	1072930	-	29640597	-	G5S_RS04720	WP_013713072.1	299	ribose-phosphate pyrophosphokinase
chr	NC_015408.1	1072927	1074192	-	29640719	-	G5S_RS04725	WP_013713073.1	421	kynureninase
chr	NC_015408.1	1074207	1074974	-	29640361	-	G5S_RS04730	WP_013713074.1	255	tryptophan synthase subunit alpha
chr	NC_015408.1	1074967	1076145	-	29640393	-	G5S_RS04735	WP_013713075.1	392	tryptophan synthase subunit beta
chr	NC_015408.1	1076142	1076765	-	29640552	-	G5S_RS04740	WP_013713076.1	207	phosphoribosylanthranilate isomerase
chr	NC_015408.1	1076755	1077582	-	29640435	-	G5S_RS04745	WP_013713077.1	275	indole-3-glycerol-phosphate synthase
chr	NC_015408.1	1077579	1078601	-	29641089	-	G5S_RS04750	WP_013713078.1	340	anthranilate phosphoribosyltransferase
chr	NC_015408.1	1078814	1079092	-	29640667	-	G5S_RS04755	WP_013713079.1	92	trp operon repressor
chr	NC_015408.1	1079259	1079789	-	29641090	-	G5S_RS04760	WP_013713080.1	176	hypothetical protein
chr	NC_015408.1	1079953	1082793	-	29640235	-	G5S_RS04765	WP_013713081.1	946	Pmp family polymorphic membrane protein autotransporter adhesin
chr	NC_015408.1	1082980	1084158	-	29640417	-	G5S_RS04770	WP_041467049.1	392	hypothetical protein
chr	NC_015408.1	1084352	1084660	-	29640233	-	G5S_RS04775	WP_013713083.1	102	hypothetical protein
chr	NC_015408.1	1084777	1085616	-	29641043	-	G5S_RS04780	WP_013713084.1	279	4-hydroxy-tetrahydrodipicolinate synthase
chr	NC_015408.1	1085628	1086935	-	29641107	-	G5S_RS04785	WP_013713085.1	435	aspartate kinase
chr	NC_015408.1	1086916	1087920	-	29640362	-	G5S_RS04790	WP_013713086.1	334	aspartate-semialdehyde dehydrogenase
chr	NC_015408.1	1088047	1088802	-	29640703	-	G5S_RS04795	WP_013713087.1	251	4-hydroxy-tetrahydrodipicolinate reductase
chr	NC_015408.1	1088920	1089735	+	29640709	-	G5S_RS04800	WP_013713088.1	271	SDR family oxidoreductase
chr	NC_015408.1	1089869	1090867	+	29640505	-	G5S_RS04805	WP_013713089.1	332	biotin synthase BioB
chr	NC_015408.1	1090846	1091991	+	29640732	-	G5S_RS04810	WP_013713090.1	381	pyridoxal phosphate-dependent aminotransferase family protein
chr	NC_015408.1	1091973	1092629	+	29640489	-	G5S_RS04815	WP_013713091.1	218	dethiobiotin synthase
chr	NC_015408.1	1092566	1093840	+	29640376	-	G5S_RS04820	WP_013713092.1	424	adenosylmethionine--8-amino-7-oxononanoate transaminase
chr	NC_015408.1	1093825	1094466	+	29640513	-	G5S_RS04825	WP_013713093.1	213	hypothetical protein
chr	NC_015408.1	1094538	1095863	+	29640626	-	G5S_RS04830	WP_013713094.1	441	3-phosphoshikimate 1-carboxyvinyltransferase
chr	NC_015408.1	1095799	1096329	+	29640431	-	G5S_RS04835	WP_013713095.1	176	shikimate kinase
chr	NC_015408.1	1096326	1097408	+	29640988	-	G5S_RS04840	WP_013713096.1	360	chorismate synthase
chr	NC_015408.1	1097405	1098544	+	29641008	-	G5S_RS04845	WP_013713097.1	379	3-dehydroquinate synthase
chr	NC_015408.1	1098516	1099958	+	29641114	-	G5S_RS04850	WP_013713098.1	480	bifunctional 3-dehydroquinate dehydratase/shikimate dehydrogenase
chr	NC_015408.1	1099961	1100743	+	29641108	-	G5S_RS04855	WP_035408982.1	260	DUF2608 domain-containing protein
chr	NC_015408.1	1100841	1102208	+	29640460	-	G5S_RS04860	WP_013713100.1	455	carbohydrate porin
chr	NC_015408.1	1102245	1102832	+	29640906	-	G5S_RS04865	WP_013713101.1	195	pyruvoyl-dependent arginine decarboxylase
chr	NC_015408.1	1102842	1104302	+	29640808	-	G5S_RS04870	WP_013713102.1	486	amino acid permease
chr	NC_015408.1	1104457	1105515	+	29640360	-	G5S_RS04875	WP_013713104.1	352	FAD-binding oxidoreductase
